method,query_id,subset,question,expected_file,expected_line,gold_hit_at_20,gold_rank,reciprocal_rank_at_20,kg_candidate_pool_contains_gold_before_rerank,kg_rank_before_rerank,kg_rank_after_rerank_full,kg_pool_size
Vector-only,L001-Q1,v2,We've observed a sudden change in the partitions being used by our Kafka topic. Can anyone explain what triggered this adjustment?,metadata/src/main/java/org/apache/kafka/controller/ReplicationControlManager.java,2055,True,13,0.07692307692307693,True,13,13,198
Vector-only,L001-Q2,v2,"Hey team, I've noticed that our topic's partitions are switching around unexpectedly. Is there something in the configuration we need to check?",metadata/src/main/java/org/apache/kafka/controller/ReplicationControlManager.java,2055,True,14,0.07142857142857142,True,14,14,258
Vector-only,L001-Q3,v2,Could the alteration in partition assignments for our Kafka messages be linked to recent scaling operations or configuration changes?,metadata/src/main/java/org/apache/kafka/controller/ReplicationControlManager.java,2055,True,17,0.058823529411764705,True,17,17,138
Vector-only,L002-Q1,v2,We're encountering issues when trying to remove a replica from a specified topic partition. What might be causing this failure?,core/src/main/scala/kafka/server/ReplicaManager.scala,2392,True,2,0.5,True,2,2,141
Vector-only,L002-Q2,v2,"Hey, has anyone noticed that we can't seem to delete a replica from the topic partition? This is really slowing things down!",core/src/main/scala/kafka/server/ReplicaManager.scala,2392,True,2,0.5,True,2,2,105
Vector-only,L002-Q3,v2,Could the inability to delete the replica for the defined topic partition indicate a potential underlying configuration issue or resource limitation?,core/src/main/scala/kafka/server/ReplicaManager.scala,2392,True,2,0.5,True,2,2,105
Vector-only,L003-Q1,v2,"Why is the AlterPartition request from node X failing for topic Y-partition Z, and what impact is this having on message processing?",metadata/src/main/java/org/apache/kafka/controller/ReplicationControlManager.java,1266,True,11,0.09090909090909091,True,11,11,105
Vector-only,L003-Q2,v2,I noticed that node X couldn't handle the AlterPartition request for topic Y-partition Z—could this be causing issues with data replication?,metadata/src/main/java/org/apache/kafka/controller/ReplicationControlManager.java,1266,True,14,0.07142857142857142,True,14,14,145
Vector-only,L003-Q3,v2,"What could be the underlying reason for node X rejecting the AlterPartition request for topic Y-partition Z, and how can we troubleshoot this further?",metadata/src/main/java/org/apache/kafka/controller/ReplicationControlManager.java,1266,True,12,0.08333333333333333,True,12,12,150
Vector-only,L004-Q1,v2,"Why is Broker {} showing a controlled shutdown state, and what impact does this have on message processing?",metadata/src/main/java/org/apache/kafka/controller/BrokerHeartbeatManager.java,455,True,1,1.0,True,1,1,160
Vector-only,L004-Q2,v2,I noticed that Broker {} is shutting down but seems stuck—could this cause delays in message delivery?,metadata/src/main/java/org/apache/kafka/controller/BrokerHeartbeatManager.java,455,True,4,0.25,True,4,4,117
Vector-only,L004-Q3,v2,Can we investigate why Broker {} is in a controlled shutdown state and if it affects the cluster's availability?,metadata/src/main/java/org/apache/kafka/controller/BrokerHeartbeatManager.java,455,True,1,1.0,True,1,1,157
Vector-only,L005-Q1,v2,We're encountering issues with message appending; can we investigate the behavior of the $topicIdPartition partition during this operation?,core/src/main/scala/kafka/server/ReplicaManager.scala,1407,True,1,1.0,True,1,1,246
Vector-only,L005-Q2,v2,"Hey team, it looks like we have a problem with adding messages to one of our partitions. What's going on with $topicIdPartition?",core/src/main/scala/kafka/server/ReplicaManager.scala,1407,True,1,1.0,True,1,1,247
Vector-only,L005-Q3,v2,"Could there be a malfunction affecting the append functionality on the $topicIdPartition, and how could we confirm the root cause?",core/src/main/scala/kafka/server/ReplicaManager.scala,1407,True,1,1.0,True,1,1,213
Vector-only,L006-Q1,v2,"Why is the ISR for one of our partitions currently empty, and what impact might this have on message delivery?",metadata/src/main/java/org/apache/kafka/controller/PartitionChangeBuilder.java,450,True,1,1.0,True,1,1,365
Vector-only,L006-Q2,v2,"Hey team, I've noticed that one of our partitions isn't having any in-sync replicas. Could this be affecting our data availability?",metadata/src/main/java/org/apache/kafka/controller/PartitionChangeBuilder.java,450,False,,0.0,False,,,261
Vector-only,L006-Q3,v2,Can we diagnose why the ISR is empty for this partition and what changes occurred leading up to this situation?,metadata/src/main/java/org/apache/kafka/controller/PartitionChangeBuilder.java,450,True,1,1.0,True,1,1,313
Vector-only,L007-Q1,v2,Is there a broker registration failure occurring due to a mismatch in API versions?,core/src/main/scala/kafka/server/BrokerLifecycleManager.scala,417,True,1,1.0,True,1,1,124
Vector-only,L007-Q2,v2,"Hey, is anyone else noticing issues with a broker not being able to register? Sounds like there might be a version conflict.",core/src/main/scala/kafka/server/BrokerLifecycleManager.scala,417,True,1,1.0,True,1,1,149
Vector-only,L007-Q3,v2,Could the inability to register broker $nodeId indicate that the required API version is not supported by the current setup?,core/src/main/scala/kafka/server/BrokerLifecycleManager.scala,417,True,1,1.0,True,1,1,104
Vector-only,L008-Q1,v2,We're encountering an issue where a message indicates an inconsistency in the topic ID for partition $topicPartition; can anyone confirm if there have been recent changes to the topic configuration?,core/src/main/scala/kafka/server/AbstractFetcherThread.scala,456,True,3,0.3333333333333333,True,3,3,218
Vector-only,L008-Q2,v2,Has anyone noticed any odd behaviors related to the topic ID for partition $topicPartition? It seems like the leader is sending us conflicting information.,core/src/main/scala/kafka/server/AbstractFetcherThread.scala,456,True,1,1.0,True,1,1,196
Vector-only,L008-Q3,v2,"Can we investigate the status of partition $topicPartition? It appears that we're receiving inconsistent topic ID errors from the leader, which might affect data consistency.",core/src/main/scala/kafka/server/AbstractFetcherThread.scala,456,True,1,1.0,True,1,1,127
Vector-only,L009-Q1,v2,"Why is the periodic task failing to execute as scheduled, and what implications does its unregistration have on system performance?",metadata/src/main/java/org/apache/kafka/controller/PeriodicTaskControlManager.java,178,True,1,1.0,True,1,1,136
Vector-only,L009-Q2,v2,"Hey, I noticed that a scheduled task has been unregistered. Could this be causing some delays in processing?",metadata/src/main/java/org/apache/kafka/controller/PeriodicTaskControlManager.java,178,True,1,1.0,True,1,1,134
Vector-only,L009-Q3,v2,Could the unregistration of this periodic task be related to recent configuration changes or resource constraints?,metadata/src/main/java/org/apache/kafka/controller/PeriodicTaskControlManager.java,178,True,1,1.0,True,1,1,42
Vector-only,L010-Q1,v2,We've noticed that the heartbeat signal is failing to send on time; could this be impacting the connection stability?,core/src/main/scala/kafka/server/BrokerLifecycleManager.scala,471,True,1,1.0,True,1,1,108
Vector-only,L010-Q2,v2,"Hey team, anyone else experiencing delays with the heartbeat? It seems like messages aren't getting through as expected.",core/src/main/scala/kafka/server/BrokerLifecycleManager.scala,471,True,1,1.0,True,1,1,160
Vector-only,L010-Q3,v2,Can we investigate whether the recent RPC timeout is causing issues with heartbeat transmissions and leading to downstream problems?,core/src/main/scala/kafka/server/BrokerLifecycleManager.scala,471,True,1,1.0,True,1,1,104
Vector-only,L011-Q1,v2,"The system experienced delays, taking %d milliseconds to delete records from the local log. What factors may be contributing to this latency?",core/src/main/scala/kafka/server/ReplicaManager.scala,1317,True,1,1.0,True,1,1,159
Vector-only,L011-Q2,v2,"Hey team, I've noticed that deleting records from the local log is taking way longer than usual—around %d ms! Any ideas on what's going on?",core/src/main/scala/kafka/server/ReplicaManager.scala,1317,True,1,1.0,True,1,1,139
Vector-only,L011-Q3,v2,"We need to investigate the performance hit observed during record deletions on the local log, which are now taking %d ms longer than expected. What metrics should we check to diagnose this issue?",core/src/main/scala/kafka/server/ReplicaManager.scala,1317,True,1,1.0,True,1,1,139
Vector-only,L012-Q1,v2,It seems that a broker in our Kafka cluster has unexpectedly fenced itself. What impact has this had on message processing and consumer behavior?,metadata/src/main/java/org/apache/kafka/controller/BrokerHeartbeatManager.java,408,True,10,0.1,True,10,10,194
Vector-only,L012-Q2,v2,"Hey team, we’ve noticed that one of our Kafka brokers is acting strange and has requested to be fenced. Has anyone else seen any dropped messages or delays in consumption from this broker?",metadata/src/main/java/org/apache/kafka/controller/BrokerHeartbeatManager.java,408,True,3,0.3333333333333333,True,3,3,246
Vector-only,L012-Q3,v2,Could you investigate the implications of the recent fencing action taken by one of the brokers? Are there any potential issues with message availability or partition leadership we should be aware of?,metadata/src/main/java/org/apache/kafka/controller/BrokerHeartbeatManager.java,408,True,5,0.2,True,5,5,222
Vector-only,L013-Q1,v2,We've noticed that the selector is not responding as expected. Can anyone explain why the processor with ID $id is closing?,core/src/main/scala/kafka/network/SocketServer.scala,931,True,1,1.0,True,1,1,124
Vector-only,L013-Q2,v2,It seems like the processor identified by $id is shutting down unexpectedly. Could this be affecting our message flow?,core/src/main/scala/kafka/network/SocketServer.scala,931,True,3,0.3333333333333333,True,3,3,92
Vector-only,L013-Q3,v2,Is there any ongoing maintenance that could be causing the processor $id to close its selector prematurely?,core/src/main/scala/kafka/network/SocketServer.scala,931,True,1,1.0,True,1,1,77
Vector-only,L014-Q1,v2,"Are you experiencing issues with data being sent to the specified connection, particularly with connection ID $connectionId?",core/src/main/scala/kafka/network/SocketServer.scala,994,True,2,0.5,True,2,2,107
Vector-only,L014-Q2,v2,"Noticed any delays in data being processed for connection $connectionId, especially after the server received a response?",core/src/main/scala/kafka/network/SocketServer.scala,994,True,1,1.0,True,1,1,94
Vector-only,L014-Q3,v2,Could there be a bottleneck in our socket server that's preventing timely data transmission for connection ID $connectionId?,core/src/main/scala/kafka/network/SocketServer.scala,994,True,1,1.0,True,1,1,95
Vector-only,L015-Q1,v2,"The system is failing to register a controller, indicating that the channel manager might not be initialized. What could be the cause of this initialization issue?",core/src/main/scala/kafka/server/ControllerRegistrationManager.scala,205,True,1,1.0,True,1,1,29
Vector-only,L015-Q2,v2,We're experiencing a hiccup where the controller can't get registered. Is there any reason the channel manager hasn't been set up yet?,core/src/main/scala/kafka/server/ControllerRegistrationManager.scala,205,True,1,1.0,True,1,1,29
Vector-only,L015-Q3,v2,It appears that the controller registration process is stalled due to an uninitialized channel manager. What steps can we take to diagnose and address this problem?,core/src/main/scala/kafka/server/ControllerRegistrationManager.scala,205,True,1,1.0,True,1,1,40
Vector-only,L016-Q1,v2,"The system is failing to process incoming requests, leading to unexpected interruptions in service. What could be causing this issue?",core/src/main/scala/kafka/server/ControllerApis.scala,153,True,2,0.5,True,2,2,235
Vector-only,L016-Q2,v2,"I'm noticing that requests are not being handled correctly, resulting in errors. What should we check first to resolve this?",core/src/main/scala/kafka/server/ControllerApis.scala,153,True,3,0.3333333333333333,True,3,3,139
Vector-only,L016-Q3,v2,Could the handling failure of the incoming request be due to a configuration issue or resource limitation on the server?,core/src/main/scala/kafka/server/ControllerApis.scala,153,True,2,0.5,True,2,2,81
Vector-only,L017-Q1,v2,"Why is the Kafka consumer unable to connect to the coordinator, and what impact is this having on message processing?",core/src/main/scala/kafka/server/KafkaApis.scala,1252,False,,0.0,False,,,74
Vector-only,L017-Q2,v2,Is anyone else experiencing issues with the Kafka topic where messages aren’t being acknowledged due to an invalid coordinator key?,core/src/main/scala/kafka/server/KafkaApis.scala,1252,True,1,1.0,True,1,1,201
Vector-only,L017-Q3,v2,"Could the invalid share coordinator key be causing delays in message delivery, and how can we pinpoint the root cause?",core/src/main/scala/kafka/server/KafkaApis.scala,1252,True,1,1.0,True,1,1,147
Vector-only,L018-Q1,v2,Why are the processors failing to initialize for the specified listener endpoint?,core/src/main/scala/kafka/network/SocketServer.scala,537,True,2,0.5,True,2,2,88
Vector-only,L018-Q2,v2,"Hey, is anyone else noticing that the listener seems to be stuck and not processing messages?",core/src/main/scala/kafka/network/SocketServer.scala,537,True,8,0.125,True,8,8,263
Vector-only,L018-Q3,v2,Can we confirm whether the listener endpoint is correctly starting its processors as expected?,core/src/main/scala/kafka/network/SocketServer.scala,537,True,1,1.0,True,1,1,125
Vector-only,L019-Q1,v2,"Why did we initiate a new fetch context, and what impact does it have on our partition data?",core/src/main/scala/kafka/server/FetchSession.scala,863,True,1,1.0,True,1,1,134
Vector-only,L019-Q2,v2,I noticed we created a new fetch context—could this affect our current stream performance?,core/src/main/scala/kafka/server/FetchSession.scala,863,True,3,0.3333333333333333,True,3,3,138
Vector-only,L019-Q3,v2,Can we analyze the scenarios that trigger the creation of a full FetchContext and their implications on data retrieval?,core/src/main/scala/kafka/server/FetchSession.scala,863,True,1,1.0,True,1,1,84
Vector-only,L020-Q1,v2,"What could be causing the system to report difficulties in accessing the leader ID and Epoch, resulting in a reliance on the metadata cache?",core/src/main/scala/kafka/server/KafkaApis.scala,376,True,1,1.0,True,1,1,246
Vector-only,L020-Q2,v2,"Hey, why is it that I'm seeing issues with fetching the leader information? It seems like it's defaulting to some backup metadata.",core/src/main/scala/kafka/server/KafkaApis.scala,376,True,1,1.0,True,1,1,245
Vector-only,L020-Q3,v2,"Can we investigate why the Kafka broker is unable to get the local leader ID and Epoch, and what role this might play in our current data handling?",core/src/main/scala/kafka/server/KafkaApis.scala,376,True,1,1.0,True,1,1,242
Vector-only,L021-Q1,v2,We've noticed that a channel has been terminated due to it being inactive for too long. Could this be impacting our message processing?,core/src/main/scala/kafka/network/SocketServer.scala,1033,True,1,1.0,True,1,1,239
Vector-only,L021-Q2,v2,"Hey team, it seems like we're losing some connections due to inactivity. Is anyone else seeing issues with channels dropping unexpectedly?",core/src/main/scala/kafka/network/SocketServer.scala,1033,True,1,1.0,True,1,1,172
Vector-only,L021-Q3,v2,Can we investigate why channels are being disconnected for expiration? Are there specific patterns or timeframes in which this is occurring?,core/src/main/scala/kafka/network/SocketServer.scala,1033,True,1,1.0,True,1,1,173
Vector-only,L022-Q1,v2,"Why is the data being truncated and the fetch offset reset for the specified partition, and what impact does this have on message consumption?",core/src/main/scala/kafka/server/AbstractFetcherThread.scala,711,True,1,1.0,True,1,1,93
Vector-only,L022-Q2,v2,"Hey, I noticed that our messages for the topic are missing; could it be related to a fetch offset reset on one of the partitions?",core/src/main/scala/kafka/server/AbstractFetcherThread.scala,711,True,7,0.14285714285714285,True,7,7,93
Vector-only,L022-Q3,v2,Could the recent truncation and reset of the fetch offset for this partition indicate a potential issue with data retention or replication?,core/src/main/scala/kafka/server/AbstractFetcherThread.scala,711,True,1,1.0,True,1,1,60
Vector-only,L023-Q1,v2,What problems are occurring with the communication between the offline log directory and the controllers?,core/src/main/scala/kafka/server/BrokerLifecycleManager.scala,332,True,1,1.0,True,1,1,224
Vector-only,L023-Q2,v2,"Hey, why is the system shutting down? Is it related to issues with the offline log directory?",core/src/main/scala/kafka/server/BrokerLifecycleManager.scala,332,True,1,1.0,True,1,1,194
Vector-only,L023-Q3,v2,Can you investigate whether the offline log directory is failing to communicate with the controllers and what impact that might have?,core/src/main/scala/kafka/server/BrokerLifecycleManager.scala,332,True,1,1.0,True,1,1,179
Vector-only,L024-Q1,v2,"Why is our application experiencing delays when trying to produce messages, possibly due to an unknown topic identifier from the leader?",core/src/main/scala/kafka/server/AbstractFetcherThread.scala,450,True,6,0.16666666666666666,True,6,6,179
Vector-only,L024-Q2,v2,"Hey, why does it seem like we're getting errors about a topic not being recognized when we try to send data?",core/src/main/scala/kafka/server/AbstractFetcherThread.scala,450,False,,0.0,False,,,163
Vector-only,L024-Q3,v2,Could this issue with the partition be linked to a misconfiguration or a lack of topic registration in our Kafka setup?,core/src/main/scala/kafka/server/AbstractFetcherThread.scala,450,False,,0.0,True,81,81,234
Vector-only,L025-Q1,v2,We've encountered an issue where new wakeup requests are unable to be added to the queue because it appears to be full. How are we managing the callback processing in light of this?,core/src/main/scala/kafka/network/RequestChannel.scala,503,True,1,1.0,True,1,1,220
Vector-only,L025-Q2,v2,"Hey team, it looks like we're hitting a snag with our wakeup requests not being added to the queue because it's at capacity. What does this mean for our current callback operations?",core/src/main/scala/kafka/network/RequestChannel.scala,503,True,1,1.0,True,1,1,249
Vector-only,L025-Q3,v2,Can we investigate the implications of not being able to add new wakeup requests to the queue? It seems like we might need to optimize our queue handling to avoid processing delays.,core/src/main/scala/kafka/network/RequestChannel.scala,503,True,1,1.0,True,1,1,231
Vector-only,L026-Q1,v2,The application is failing to initiate data retrieval for the specified topic partition. How do we troubleshoot this issue?,core/src/main/scala/kafka/server/ReplicaManager.scala,2508,False,,0.0,True,49,49,145
Vector-only,L026-Q2,v2,It looks like we're running into a problem where the fetch process isn't starting for one of our topic partitions. What could be causing this?,core/src/main/scala/kafka/server/ReplicaManager.scala,2508,False,,0.0,True,51,51,117
Vector-only,L026-Q3,v2,What diagnostic steps can we take to identify why the fetching process for the specified topic partition isn't starting up correctly?,core/src/main/scala/kafka/server/ReplicaManager.scala,2508,False,,0.0,True,49,49,125
Vector-only,L027-Q1,v2,"We've initiated an auto-creation request for topics, but the controller isn't responding as expected. What could be causing this delay?",core/src/main/scala/kafka/server/AutoTopicCreationManager.scala,311,True,4,0.25,True,4,4,76
Vector-only,L027-Q2,v2,"It seems like we're trying to auto-create some topics, but nothing is happening. Has anyone noticed this issue before?",core/src/main/scala/kafka/server/AutoTopicCreationManager.scala,311,True,13,0.07692307692307693,True,13,13,76
Vector-only,L027-Q3,v2,"The system successfully sent a request to create new topics, yet there's been no update from the controller. Could there be a connectivity issue?",core/src/main/scala/kafka/server/AutoTopicCreationManager.scala,311,True,1,1.0,True,1,1,76
Vector-only,L028-Q1,v2,"Why is there an extended delay in the log cleanup process, and how is it affecting message retention in Kafka?",core/src/main/scala/kafka/log/LogManager.scala,612,True,2,0.5,True,2,2,129
Vector-only,L028-Q2,v2,"Hey, has anyone noticed if the log cleanup is taking longer than usual? It seems like things are getting backed up.",core/src/main/scala/kafka/log/LogManager.scala,612,True,2,0.5,True,2,2,73
Vector-only,L028-Q3,v2,Can we investigate the implications of the log cleanup starting with such a lengthy period? Is it causing any performance degradation?,core/src/main/scala/kafka/log/LogManager.scala,612,True,1,1.0,True,1,1,106
Vector-only,L029-Q1,v2,We're experiencing issues with processing incoming envelope responses due to missing header information. Can we investigate why the necessary request headers are not being parsed?,core/src/main/scala/kafka/server/AutoTopicCreationManager.scala,275,True,2,0.5,True,2,2,130
Vector-only,L029-Q2,v2,"Hey team, it seems like our system is failing to read envelope responses properly. Is there a chance we could check what happened to the original request headers?",core/src/main/scala/kafka/server/AutoTopicCreationManager.scala,275,True,4,0.25,True,4,4,118
Vector-only,L029-Q3,v2,"Could we run a diagnostic to determine the root cause of the failure in parsing envelope responses, specifically focusing on the absence of the required request header information?",core/src/main/scala/kafka/server/AutoTopicCreationManager.scala,275,True,3,0.3333333333333333,True,3,3,161
Vector-only,L030-Q1,v2,What steps can we take to address the abrupt shutdown of the request handler identified as $id on broker $brokerId?,core/src/main/scala/kafka/server/KafkaRequestHandler.scala,124,True,1,1.0,True,1,1,149
Vector-only,L030-Q2,v2,"Hey team, did anyone notice that the request handler $id on broker $brokerId just went down unexpectedly? What could have triggered that?",core/src/main/scala/kafka/server/KafkaRequestHandler.scala,124,True,1,1.0,True,1,1,120
Vector-only,L030-Q3,v2,Could the sudden shutdown command for request handler $id on broker $brokerId indicate a potential issue with resource management or server stability?,core/src/main/scala/kafka/server/KafkaRequestHandler.scala,124,True,1,1.0,True,1,1,49
Vector-only,L031-Q1,v2,"Why did the broker receive approval to unfence, and what impact is this having on message processing?",metadata/src/main/java/org/apache/kafka/controller/BrokerHeartbeatManager.java,413,True,1,1.0,True,1,1,159
Vector-only,L031-Q2,v2,"Hey team, did we just get a green light from the broker to unfence? What does that mean for our current operations?",metadata/src/main/java/org/apache/kafka/controller/BrokerHeartbeatManager.java,413,True,1,1.0,True,1,1,173
Vector-only,L031-Q3,v2,Could the granting of the unfence request from the broker indicate underlying issues with our current queue management?,metadata/src/main/java/org/apache/kafka/controller/BrokerHeartbeatManager.java,413,True,1,1.0,True,1,1,161
Vector-only,L032-Q1,v2,"The broker is unable to communicate with the controller, leading to issues with partition alterations. What are the possible configuration issues that could cause this?",core/src/main/scala/kafka/server/AlterPartitionManager.scala,247,True,1,1.0,True,1,1,110
Vector-only,L032-Q2,v2,Why is the broker being blocked from sending partition changes to the controller? Could this be a permissions problem?,core/src/main/scala/kafka/server/AlterPartitionManager.scala,247,True,1,1.0,True,1,1,149
Vector-only,L032-Q3,v2,We are encountering a situation where the broker lacks authorization to perform AlterPartition operations. Have there been any recent changes to the security settings or access controls?,core/src/main/scala/kafka/server/AlterPartitionManager.scala,247,True,1,1.0,True,1,1,150
Vector-only,L033-Q1,v2,We've observed that a connection was rejected because the maximum allowed connections from a specific IP address have been reached. Can we investigate the source and reason for this limit being hit?,core/src/main/scala/kafka/network/SocketServer.scala,691,True,1,1.0,True,1,1,98
Vector-only,L033-Q2,v2,Looks like we're hitting a connection cap from one IP address—any ideas on why this is happening?,core/src/main/scala/kafka/network/SocketServer.scala,691,True,1,1.0,True,1,1,75
Vector-only,L033-Q3,v2,Can we run a diagnostic on the connection limits? It appears that a client from ${e.ip} is unable to connect due to exceeding our maximum connection settings.,core/src/main/scala/kafka/network/SocketServer.scala,691,True,1,1.0,True,1,1,73
Vector-only,L034-Q1,v2,"Why are we seeing a transition of ${localFollowers.size} partitions, and how is it affecting message processing?",core/src/main/scala/kafka/server/ReplicaManager.scala,2465,True,1,1.0,True,1,1,151
Vector-only,L034-Q2,v2,"Hey, has anyone noticed that there are ${localFollowers.size} partitions moving around? Is this normal?",core/src/main/scala/kafka/server/ReplicaManager.scala,2465,True,1,1.0,True,1,1,246
Vector-only,L034-Q3,v2,Could the transition of ${localFollowers.size} partitions indicate a possible issue with our cluster's leader election process?,core/src/main/scala/kafka/server/ReplicaManager.scala,2465,True,1,1.0,True,1,1,240
Vector-only,L035-Q1,v2,"Why are we unable to delete the specified topics in Kafka, as it appears that the operation returned no results?",metadata/src/main/java/org/apache/kafka/controller/ReplicationControlManager.java,1014,True,1,1.0,True,1,1,138
Vector-only,L035-Q2,v2,"Hey team, has anyone else noticed that attempts to delete topics are coming back with no changes at all?",metadata/src/main/java/org/apache/kafka/controller/ReplicationControlManager.java,1014,True,1,1.0,True,1,1,159
Vector-only,L035-Q3,v2,Could this issue indicate a problem with the topic deletion permissions or configuration settings in our Kafka setup?,metadata/src/main/java/org/apache/kafka/controller/ReplicationControlManager.java,1014,False,,0.0,True,21,21,152
Vector-only,L036-Q1,v2,We've encountered an issue where messages cannot be consumed because the specified topic or partition appears to be unknown to the leader. What could be causing this?,core/src/main/scala/kafka/server/AbstractFetcherThread.scala,444,True,5,0.2,True,5,5,231
Vector-only,L036-Q2,v2,"Hey team, we're getting an unknown topic error when trying to access certain partitions. Has anyone else seen this or know what's going on?",core/src/main/scala/kafka/server/AbstractFetcherThread.scala,444,True,10,0.1,True,10,10,235
Vector-only,L036-Q3,v2,Could the absence of the expected topic or partition from the leader's perspective indicate a potential configuration error or a problem with our topic registrations?,core/src/main/scala/kafka/server/AbstractFetcherThread.scala,444,True,8,0.125,True,8,8,173
Vector-only,L037-Q1,v2,We've observed an unexpected removal of a topic in our Kafka environment. Can we determine the implications of replaying a RemoveTopicRecord for this specific topic ID?,metadata/src/main/java/org/apache/kafka/controller/ReplicationControlManager.java,568,True,1,1.0,True,1,1,120
Vector-only,L037-Q2,v2,"Hey team, it looks like one of our Kafka topics has been removed, and I'm curious if anyone knows why this might have happened. What could trigger a replay of a RemoveTopicRecord?",metadata/src/main/java/org/apache/kafka/controller/ReplicationControlManager.java,568,True,1,1.0,True,1,1,171
Vector-only,L037-Q3,v2,"During our debugging process, we need to investigate how replaying a RemoveTopicRecord for this topic ID affects the overall system. Are there dependencies that might be impacted?",metadata/src/main/java/org/apache/kafka/controller/ReplicationControlManager.java,568,True,1,1.0,True,1,1,138
Vector-only,L038-Q1,v2,"Why is the periodic task not executing as expected, indicating that it may have been unregistered?",metadata/src/main/java/org/apache/kafka/controller/PeriodicTaskControlManager.java,175,True,1,1.0,True,1,1,72
Vector-only,L038-Q2,v2,"Hey, has anyone noticed that a scheduled task seems to be missing from our system?",metadata/src/main/java/org/apache/kafka/controller/PeriodicTaskControlManager.java,175,True,11,0.09090909090909091,True,11,11,88
Vector-only,L038-Q3,v2,Could the unexpected absence of the periodic task indicate an issue with our task registration process?,metadata/src/main/java/org/apache/kafka/controller/PeriodicTaskControlManager.java,175,True,3,0.3333333333333333,True,3,3,52
Vector-only,L039-Q1,v2,We're encountering issues where specific configurations for broker $brokerId appear to be unresponsive. What might be causing this failure in configuration application?,core/src/main/scala/kafka/server/DynamicBrokerConfig.scala,394,True,1,1.0,True,1,1,46
Vector-only,L039-Q2,v2,"Hey team, it looks like the settings for broker $brokerId aren't taking effect as expected. Any ideas on what could be going wrong?",core/src/main/scala/kafka/server/DynamicBrokerConfig.scala,394,True,1,1.0,True,1,1,103
Vector-only,L039-Q3,v2,What diagnostic steps can we take to identify why the configurations for broker $brokerId are not being applied as intended?,core/src/main/scala/kafka/server/DynamicBrokerConfig.scala,394,True,1,1.0,True,1,1,103
Vector-only,L040-Q1,v2,"Why are we consistently noticing that there are no entries that can be evicted from the cache, and how might this affect overall system performance?",core/src/main/scala/kafka/server/FetchSession.scala,731,True,2,0.5,True,2,2,201
Vector-only,L040-Q2,v2,It seems like the cache is telling us there aren't any evictable entries. Is that a good thing or is something potentially broken here?,core/src/main/scala/kafka/server/FetchSession.scala,731,True,2,0.5,True,2,2,269
Vector-only,L040-Q3,v2,"Could the absence of evictable entries indicate an unusual behavior in cache utilization, and what steps should we take to investigate further?",core/src/main/scala/kafka/server/FetchSession.scala,731,True,1,1.0,True,1,1,311
Vector-only,L041-Q1,v2,Why is the incremental fetch for session ${session.id} taking longer than expected to return results?,core/src/main/scala/kafka/server/FetchSession.scala,550,True,3,0.3333333333333333,True,3,3,55
Vector-only,L041-Q2,v2,"Hey, has anyone noticed that the data from session ${session.id} isn't showing up as it should?",core/src/main/scala/kafka/server/FetchSession.scala,550,True,8,0.125,True,8,8,109
Vector-only,L041-Q3,v2,Could the delay in the incremental fetch context for session ${session.id} indicate an underlying issue with data consistency or availability?,core/src/main/scala/kafka/server/FetchSession.scala,550,True,2,0.5,True,2,2,53
Vector-only,L042-Q1,v2,"The application is failing to initiate the acceptor for the specified listener endpoint, causing connection issues.",core/src/main/scala/kafka/network/SocketServer.scala,548,True,1,1.0,True,1,1,98
Vector-only,L042-Q2,v2,"Hey, it seems like the service won't start properly because it can't set up the listener. What's going on?",core/src/main/scala/kafka/network/SocketServer.scala,548,True,1,1.0,True,1,1,86
Vector-only,L042-Q3,v2,Can we check why the acceptor for the configured listener endpoint isn't initializing? This might be blocking the service.,core/src/main/scala/kafka/network/SocketServer.scala,548,True,1,1.0,True,1,1,57
Vector-only,L043-Q1,v2,We're experiencing connection issues with the NetworkClient; can you detail if any errors were encountered during the disconnection process?,core/src/main/scala/kafka/server/NodeToControllerChannelManager.scala,313,True,1,1.0,True,1,1,77
Vector-only,L043-Q2,v2,"Hey team, has anyone noticed any weirdness when trying to disconnect from the NetworkClient? It feels like something’s off.",core/src/main/scala/kafka/server/NodeToControllerChannelManager.scala,313,True,1,1.0,True,1,1,111
Vector-only,L043-Q3,v2,"What potential causes could lead to errors while disconnecting from the NetworkClient, and how can we investigate further?",core/src/main/scala/kafka/server/NodeToControllerChannelManager.scala,313,True,1,1.0,True,1,1,94
Vector-only,L044-Q1,v2,"The system is unable to successfully apply the updated configuration for the broker, resulting in potential disruptions in message processing.",core/src/main/scala/kafka/server/DynamicBrokerConfig.scala,584,True,1,1.0,True,1,1,70
Vector-only,L044-Q2,v2,"Hey team, I've noticed that we're having issues updating the broker settings – could this be causing our message delivery delays?",core/src/main/scala/kafka/server/DynamicBrokerConfig.scala,584,True,1,1.0,True,1,1,234
Vector-only,L044-Q3,v2,Could you check if there are underlying permission issues or connectivity problems that might be preventing the broker configuration from being updated?,core/src/main/scala/kafka/server/DynamicBrokerConfig.scala,584,True,1,1.0,True,1,1,124
Vector-only,L045-Q1,v2,"The system has encountered an issue where it fails to automatically create the specified topic, leading to potential disruptions in message processing.",core/src/main/scala/kafka/server/AutoTopicCreationManager.scala,267,True,1,1.0,True,1,1,76
Vector-only,L045-Q2,v2,"Hey, it looks like we can't seem to create the topic automatically anymore. What's going on with that?",core/src/main/scala/kafka/server/AutoTopicCreationManager.scala,267,True,1,1.0,True,1,1,76
Vector-only,L045-Q3,v2,"Can we investigate the underlying cause of the auto topic creation failure, specifically related to the error reported for ${topicResult.name}?",core/src/main/scala/kafka/server/AutoTopicCreationManager.scala,267,True,2,0.5,True,2,2,76
Vector-only,L046-Q1,v2,"The broker encountered an error while attempting to send a heartbeat request, what could be causing this disruption?",core/src/main/scala/kafka/server/BrokerLifecycleManager.scala,554,True,4,0.25,True,4,4,50
Vector-only,L046-Q2,v2,"Hey, why did the broker's heartbeat request fail? Is something wrong with its connection?",core/src/main/scala/kafka/server/BrokerLifecycleManager.scala,554,True,1,1.0,True,1,1,105
Vector-only,L046-Q3,v2,Investigate the reason behind the broker's heartbeat request failure due to the reported error code.,core/src/main/scala/kafka/server/BrokerLifecycleManager.scala,554,True,1,1.0,True,1,1,55
Vector-only,L047-Q1,v2,"Has there been an increase in error messages related to unsupported quota entities, indicating potential misconfigurations in quota management?",core/src/main/scala/kafka/server/metadata/ClientQuotaMetadataManager.scala,107,True,1,1.0,True,1,1,91
Vector-only,L047-Q2,v2,Looks like we're ignoring some unsupported quota entities—could this be affecting our overall system performance?,core/src/main/scala/kafka/server/metadata/ClientQuotaMetadataManager.scala,107,True,1,1.0,True,1,1,145
Vector-only,L047-Q3,v2,Could the system's inability to recognize certain quota entities be leading to unexpected resource allocation issues?,core/src/main/scala/kafka/server/metadata/ClientQuotaMetadataManager.scala,107,True,4,0.25,True,4,4,126
Vector-only,L048-Q1,v2,"The system is unable to create new topics due to a version mismatch error, which is preventing resource allocation.",core/src/main/scala/kafka/server/AutoTopicCreationManager.scala,447,True,1,1.0,True,1,1,158
Vector-only,L048-Q2,v2,"Hey, why can’t we set up those new topics? There seems to be an issue with version compatibility.",core/src/main/scala/kafka/server/AutoTopicCreationManager.scala,447,True,1,1.0,True,1,1,162
Vector-only,L048-Q3,v2,Can we investigate the version settings? It looks like there’s a conflict preventing auto topic creation for the specified keys.,core/src/main/scala/kafka/server/AutoTopicCreationManager.scala,447,True,1,1.0,True,1,1,76
Vector-only,L049-Q1,v2,The system is experiencing unexpected behavior following a metadata version upgrade. What impact could this version change have on cluster performance?,metadata/src/main/java/org/apache/kafka/controller/FeatureControlManager.java,414,True,1,1.0,True,1,1,76
Vector-only,L049-Q2,v2,"After updating the metadata version, are you noticing any disruptions or failures in data processing?",metadata/src/main/java/org/apache/kafka/controller/FeatureControlManager.java,414,True,1,1.0,True,1,1,61
Vector-only,L049-Q3,v2,Can we verify if the application is maintaining its stability after the metadata version increment?,metadata/src/main/java/org/apache/kafka/controller/FeatureControlManager.java,414,True,1,1.0,True,1,1,125
Vector-only,L050-Q1,v2,We've encountered issues fetching messages from the specified partition; what might be causing this irregularity?,core/src/main/scala/kafka/server/AbstractFetcherThread.scala,406,True,1,1.0,True,1,1,77
Vector-only,L050-Q2,v2,It looks like there are some bad messages in the queue for the given partition. Can we investigate what's going wrong?,core/src/main/scala/kafka/server/AbstractFetcherThread.scala,406,True,1,1.0,True,1,1,215
Vector-only,L050-Q3,v2,The fetch operation for the provided partition is returning invalid messages; could this be linked to a serialization error or data format mismatch?,core/src/main/scala/kafka/server/AbstractFetcherThread.scala,406,True,1,1.0,True,1,1,77
Vector-only,L051-Q1,v3,"During the shutdown process, an unexpected thread error was encountered that seems to be affecting the LogManager functionality. What could be the underlying cause?",core/src/main/scala/kafka/log/LogManager.scala,689,True,1,1.0,True,1,1,162
Vector-only,L051-Q2,v3,"Hey team, it looks like we ran into an issue when shutting down the LogManager—any idea why a thread is throwing an error?",core/src/main/scala/kafka/log/LogManager.scala,689,True,1,1.0,True,1,1,101
Vector-only,L051-Q3,v3,Can we investigate the thread error reported during the LogManager shutdown? What steps should we take to diagnose the root cause?,core/src/main/scala/kafka/log/LogManager.scala,689,True,1,1.0,True,1,1,143
Vector-only,L052-Q1,v3,"The application is unable to retrieve the end offset for the specified topic and partition, leading to potential data loss.",core/src/main/scala/kafka/server/LocalLeaderEndPoint.scala,155,False,,0.0,False,,,104
Vector-only,L052-Q2,v3,"Hey, have you noticed that we're getting errors when trying to access the end offset for a topic? It seems like it's throwing a critical issue.",core/src/main/scala/kafka/server/LocalLeaderEndPoint.scala,155,True,13,0.07692307692307693,True,13,13,135
Vector-only,L052-Q3,v3,What causes the system to fail while trying to obtain the EpochEndOffset for a specific topic and partition?,core/src/main/scala/kafka/server/LocalLeaderEndPoint.scala,155,True,3,0.3333333333333333,True,3,3,168
Vector-only,L053-Q1,v3,"There seems to be an issue with the leader epoch request for certain partitions, causing potential delays in processing messages.",core/src/main/scala/kafka/server/RemoteLeaderEndPoint.scala,162,True,1,1.0,True,1,1,112
Vector-only,L053-Q2,v3,"We're experiencing problems sending requests for leader epochs, which might be affecting the data flow for some of our partitions.",core/src/main/scala/kafka/server/RemoteLeaderEndPoint.scala,162,True,1,1.0,True,1,1,138
Vector-only,L053-Q3,v3,Can we confirm if the failure to send leader epoch requests is impacting the availability of specific partitions?,core/src/main/scala/kafka/server/RemoteLeaderEndPoint.scala,162,True,1,1.0,True,1,1,138
Vector-only,L054-Q1,v3,"The system is unable to process requests from the queue, indicating a version mismatch issue. What could be causing this incompatibility?",core/src/main/scala/kafka/server/NodeToControllerChannelManager.scala,290,True,1,1.0,True,1,1,238
Vector-only,L054-Q2,v3,"Hey, I've noticed that our request processing is hitting a wall because of a version error. Has anyone updated the system recently?",core/src/main/scala/kafka/server/NodeToControllerChannelManager.scala,290,True,1,1.0,True,1,1,204
Vector-only,L054-Q3,v3,Could the unsupported version error suggest a misconfiguration in the application that's attempting to access the request queue?,core/src/main/scala/kafka/server/NodeToControllerChannelManager.scala,290,True,1,1.0,True,1,1,157
Vector-only,L055-Q1,v3,"The configuration update failed to process properly, leading to potential issues with the Kafka setup. What might be causing this error?",core/src/main/scala/kafka/server/ConfigAdminManager.scala,255,True,10,0.1,True,10,10,114
Vector-only,L055-Q2,v3,"Hey, it seems like there was a hiccup while trying to change the configuration settings. Any idea what’s going on?",core/src/main/scala/kafka/server/ConfigAdminManager.scala,255,True,1,1.0,True,1,1,73
Vector-only,L055-Q3,v3,Can we investigate why the alterConfigs request is throwing an error on the specified configuration resource?,core/src/main/scala/kafka/server/ConfigAdminManager.scala,255,True,1,1.0,True,1,1,75
Vector-only,L056-Q1,v3,"We're encountering a severe issue where messages are not being processed for the specified topic, causing delays in data flow.",core/src/main/scala/kafka/log/LogManager.scala,1488,True,16,0.0625,True,16,16,334
Vector-only,L056-Q2,v3,"It seems we're having trouble with sending data to the named topic, leaving some messages stuck and unreleased.",core/src/main/scala/kafka/log/LogManager.scala,1488,True,3,0.3333333333333333,True,3,3,265
Vector-only,L056-Q3,v3,"Can we investigate why the flushing operation for the specified topic partition is failing, potentially impacting throughput?",core/src/main/scala/kafka/log/LogManager.scala,1488,True,1,1.0,True,1,1,179
Vector-only,L057-Q1,v3,"The system is failing to establish communication with the broker, leading to repeated retry attempts when sending the heartbeat from node $nodeId.",core/src/main/scala/kafka/server/BrokerLifecycleManager.scala,493,True,1,1.0,True,1,1,72
Vector-only,L057-Q2,v3,"Hey, we've noticed that node $nodeId isn't sending its heartbeat to the broker. It keeps trying, but nothing seems to connect.",core/src/main/scala/kafka/server/BrokerLifecycleManager.scala,493,True,1,1.0,True,1,1,147
Vector-only,L057-Q3,v3,Investigate why the broker heartbeat is not being sent from node $nodeId—could there be a network issue or a configuration problem?,core/src/main/scala/kafka/server/BrokerLifecycleManager.scala,493,True,3,0.3333333333333333,True,3,3,78
Vector-only,L058-Q1,v3,"The system encountered an issue while trying to create new topics automatically, resulting in the inability to process the response properly.",core/src/main/scala/kafka/server/AutoTopicCreationManager.scala,272,True,2,0.5,True,2,2,76
Vector-only,L058-Q2,v3,Why can't we create new topics automatically? The response parsing is failing.,core/src/main/scala/kafka/server/AutoTopicCreationManager.scala,272,True,2,0.5,True,2,2,76
Vector-only,L058-Q3,v3,What diagnostics can we run to determine why the envelope response is not being parsed for auto topic creation?,core/src/main/scala/kafka/server/AutoTopicCreationManager.scala,272,True,1,1.0,True,1,1,76
Vector-only,L059-Q1,v3,"Why is the leader not closing properly after the replica fetcher thread shuts down, and what impact is this having on our message consumption?",core/src/main/scala/kafka/server/ReplicaFetcherThread.scala,91,True,1,1.0,True,1,1,133
Vector-only,L059-Q2,v3,"Dude, why does it feel like the leader is stuck and won't shut down the fetcher? What's going on?",core/src/main/scala/kafka/server/ReplicaFetcherThread.scala,91,True,2,0.5,True,2,2,201
Vector-only,L059-Q3,v3,Can we investigate the issue with the leader's inability to close after the fetcher thread termination? What are the implications for our data consistency?,core/src/main/scala/kafka/server/ReplicaFetcherThread.scala,91,True,1,1.0,True,1,1,87
Vector-only,L060-Q1,v3,"We are experiencing issues with the registration process, as the backend is returning an unexpected response type. Could this be affecting user sign-ups?",core/src/main/scala/kafka/server/ControllerRegistrationManager.scala,252,True,1,1.0,True,1,1,65
Vector-only,L060-Q2,v3,Looks like something's off with the registration responses! Users are getting errors when trying to complete their registrations. What could be causing this?,core/src/main/scala/kafka/server/ControllerRegistrationManager.scala,252,True,3,0.3333333333333333,True,3,3,90
Vector-only,L060-Q3,v3,"Can we investigate the registration response handling? The system seems to be failing to process certain response types correctly, which might indicate a configuration or compatibility issue.",core/src/main/scala/kafka/server/ControllerRegistrationManager.scala,252,True,1,1.0,True,1,1,87
Vector-only,L061-Q1,v3,"The system encountered an unexpected error while attempting to complete a controlled shutdown, resulting in an incomplete process.",core/src/main/scala/kafka/server/BrokerServer.scala,785,True,1,1.0,True,1,1,164
Vector-only,L061-Q2,v3,"Hey, we tried to shut things down cleanly, but something went wrong and caused a hiccup. Any idea what happened?",core/src/main/scala/kafka/server/BrokerServer.scala,785,True,5,0.2,True,5,5,215
Vector-only,L061-Q3,v3,What specific factors might have led to an exception during the controlled shutdown process?,core/src/main/scala/kafka/server/BrokerServer.scala,785,True,1,1.0,True,1,1,200
Vector-only,L062-Q1,v3,"Why are we experiencing connectivity issues with channel $channelId, leading to socket closures?",core/src/main/scala/kafka/network/SocketServer.scala,945,True,1,1.0,True,1,1,104
Vector-only,L062-Q2,v3,"Hey, has anyone noticed if channel $channelId keeps dropping connections unexpectedly?",core/src/main/scala/kafka/network/SocketServer.scala,945,True,1,1.0,True,1,1,105
Vector-only,L062-Q3,v3,What underlying issues might be causing the frequent socket closures for channel $channelId?,core/src/main/scala/kafka/network/SocketServer.scala,945,True,1,1.0,True,1,1,74
Vector-only,L063-Q1,v3,"The application is failing to process incoming data for the specified partition, leading to delays in message consumption.",core/src/main/scala/kafka/server/AbstractFetcherThread.scala,415,True,2,0.5,True,2,2,197
Vector-only,L063-Q2,v3,We're experiencing an issue where data processing seems to just stop for a particular partition. What could be going wrong?,core/src/main/scala/kafka/server/AbstractFetcherThread.scala,415,True,1,1.0,True,1,1,308
Vector-only,L063-Q3,v3,Can you investigate why there's an unexpected error occurring during data handling for partition $topicPartition?,core/src/main/scala/kafka/server/AbstractFetcherThread.scala,415,True,1,1.0,True,1,1,168
Vector-only,L064-Q1,v3,The application is failing to start due to configuration errors; can we confirm if any required properties are missing or misconfigured?,core/src/main/scala/kafka/server/DynamicBrokerConfig.scala,497,True,3,0.3333333333333333,True,3,3,145
Vector-only,L064-Q2,v3,"Hey, it seems like some settings in our config aren't valid. Could that be causing the system to behave unexpectedly?",core/src/main/scala/kafka/server/DynamicBrokerConfig.scala,497,True,1,1.0,True,1,1,118
Vector-only,L064-Q3,v3,Can we investigate the impact of the invalid configurations on service performance and identify which properties specifically need correction?,core/src/main/scala/kafka/server/DynamicBrokerConfig.scala,497,True,1,1.0,True,1,1,31
Vector-only,L065-Q1,v3,The application is experiencing message delivery failures due to a partition issue.,core/src/main/scala/kafka/server/AbstractFetcherThread.scala,501,True,1,1.0,True,1,1,208
Vector-only,L065-Q2,v3,We've noticed that the messages aren't being processed as expected; could it be related to a specific partition failure?,core/src/main/scala/kafka/server/AbstractFetcherThread.scala,501,True,3,0.3333333333333333,True,3,3,229
Vector-only,L065-Q3,v3,Can we investigate the impact on the system's performance after a partition was marked as failed?,core/src/main/scala/kafka/server/AbstractFetcherThread.scala,501,True,1,1.0,True,1,1,315
Vector-only,L066-Q1,v3,"The broker is exhibiting an unexpected state, leading to potential disruptions in message processing.",core/src/main/scala/kafka/server/BrokerLifecycleManager.scala,550,True,1,1.0,True,1,1,144
Vector-only,L066-Q2,v3,We noticed the Kafka broker seems to be acting up and isn't responding as expected. What's going on?,core/src/main/scala/kafka/server/BrokerLifecycleManager.scala,550,True,1,1.0,True,1,1,115
Vector-only,L066-Q3,v3,Could the unexpected broker state be affecting our message throughput or availability?,core/src/main/scala/kafka/server/BrokerLifecycleManager.scala,550,True,1,1.0,True,1,1,269
Vector-only,L067-Q1,v3,"The system is experiencing unexpected behavior as the controller is not providing enough results, causing delays in processing.",core/src/main/scala/kafka/server/ConfigAdminManager.scala,368,True,10,0.1,True,10,10,148
Vector-only,L067-Q2,v3,"Hey, why does it seem like we're missing some data? The controller's output is lower than what we expected!",core/src/main/scala/kafka/server/ConfigAdminManager.scala,368,True,2,0.5,True,2,2,117
Vector-only,L067-Q3,v3,Could the reduced number of results from the controller indicate an underlying issue with data fetching or connectivity?,core/src/main/scala/kafka/server/ConfigAdminManager.scala,368,True,2,0.5,True,2,2,198
Vector-only,L068-Q1,v3,"The application is failing to install metadata publishers, leading to disruptions in service availability. Have there been any recent changes or updates that could have impacted this process?",core/src/main/scala/kafka/server/SharedServer.scala,347,True,1,1.0,True,1,1,54
Vector-only,L068-Q2,v3,"We can't seem to get the metadata publishers installed. Is anyone else experiencing this issue, or is it just me?",core/src/main/scala/kafka/server/SharedServer.scala,347,True,1,1.0,True,1,1,127
Vector-only,L068-Q3,v3,Investigate the installation failure of metadata publishers to determine if there are any underlying configuration issues or missing dependencies.,core/src/main/scala/kafka/server/SharedServer.scala,347,True,1,1.0,True,1,1,165
Vector-only,L069-Q1,v3,"The system encounters an exception during the processing of requests, causing interruptions in service.",core/src/main/scala/kafka/server/KafkaRequestHandler.scala,149,True,3,0.3333333333333333,True,3,3,231
Vector-only,L069-Q2,v3,We noticed that there's an error popping up every time a request gets handled; could this be related to our service stability?,core/src/main/scala/kafka/server/KafkaRequestHandler.scala,149,True,4,0.25,True,4,4,159
Vector-only,L069-Q3,v3,"What specific conditions trigger the exception during request handling, and how might this affect overall system performance?",core/src/main/scala/kafka/server/KafkaRequestHandler.scala,149,True,2,0.5,True,2,2,203
Vector-only,L070-Q1,v3,"The system is failing to communicate with the controller, causing heartbeats to be undeliverable for a specific node. What could be the root cause of this connectivity issue?",core/src/main/scala/kafka/server/BrokerLifecycleManager.scala,496,True,1,1.0,True,1,1,99
Vector-only,L070-Q2,v3,I'm noticing that one of our nodes seems to be having trouble keeping its heartbeat alive with the controller. Has anyone else experienced this?,core/src/main/scala/kafka/server/BrokerLifecycleManager.scala,496,True,1,1.0,True,1,1,210
Vector-only,L070-Q3,v3,What issues might arise if a node is unable to maintain its heartbeat with the controller in a Kafka cluster?,core/src/main/scala/kafka/server/BrokerLifecycleManager.scala,496,True,1,1.0,True,1,1,200
Vector-only,L071-Q1,v3,The broker with ID $nodeId seems to be failing to complete its registration process. What might be causing this issue?,core/src/main/scala/kafka/server/BrokerLifecycleManager.scala,421,True,3,0.3333333333333333,True,3,3,58
Vector-only,L071-Q2,v3,"Hey, I noticed that the broker with ID $nodeId isn't showing up as registered. Any idea what's going on?",core/src/main/scala/kafka/server/BrokerLifecycleManager.scala,421,True,1,1.0,True,1,1,54
Vector-only,L071-Q3,v3,Investigate why the broker identified as $nodeId cannot successfully register. Are there network or configuration issues at play?,core/src/main/scala/kafka/server/BrokerLifecycleManager.scala,421,True,1,1.0,True,1,1,84
Vector-only,L072-Q1,v3,"We've encountered an issue where the system is repeatedly detecting and loading stray logs from the specified directory, causing potential data inconsistencies.",core/src/main/scala/kafka/log/LogManager.scala,357,True,1,1.0,True,1,1,104
Vector-only,L072-Q2,v3,Is anyone else seeing unexpected stray logs being loaded from the log directory? It seems to be happening intermittently.,core/src/main/scala/kafka/log/LogManager.scala,357,True,1,1.0,True,1,1,70
Vector-only,L072-Q3,v3,Could you investigate why stray logs are being loaded from the specified directory? This might be impacting our log processing pipeline.,core/src/main/scala/kafka/log/LogManager.scala,357,True,1,1.0,True,1,1,59
Vector-only,L073-Q1,v3,"The system is failing to identify the specified persister, resulting in data not being saved as expected. What configurations were modified recently?",core/src/main/scala/kafka/server/BrokerServer.scala,729,True,1,1.0,True,1,1,98
Vector-only,L073-Q2,v3,"Hey, has anyone noticed that the application isn’t storing data? It seems like there’s an issue with the persister setup.",core/src/main/scala/kafka/server/BrokerServer.scala,729,True,1,1.0,True,1,1,228
Vector-only,L073-Q3,v3,Can we determine if the persister factory settings were altered? This might lead us to the root cause of the data persistence problem.,core/src/main/scala/kafka/server/BrokerServer.scala,729,True,1,1.0,True,1,1,177
Vector-only,L074-Q1,v3,"The application fails to process registration responses, leading to user sign-up issues. What API versions are currently supported?",core/src/main/scala/kafka/server/ControllerRegistrationManager.scala,246,True,1,1.0,True,1,1,109
Vector-only,L074-Q2,v3,Users are getting stuck during registration because the application doesn't recognize the API version. What could be causing this?,core/src/main/scala/kafka/server/ControllerRegistrationManager.scala,246,True,1,1.0,True,1,1,134
Vector-only,L074-Q3,v3,Investigate why the registration handler may be rejecting responses due to unsupported API version. Is the server up-to-date with the latest specifications?,core/src/main/scala/kafka/server/ControllerRegistrationManager.scala,246,True,1,1.0,True,1,1,119
Vector-only,L075-Q1,v3,"Why did the system reset the fetch offset for the specified partition, and what impact could this have on data processing?",core/src/main/scala/kafka/server/AbstractFetcherThread.scala,677,True,1,1.0,True,1,1,97
Vector-only,L075-Q2,v3,"Hey, why's our consumer suddenly acting weird? I think the offset just reset for one of the partitions.",core/src/main/scala/kafka/server/AbstractFetcherThread.scala,677,True,20,0.05,True,20,20,158
Vector-only,L075-Q3,v3,"Can we investigate the conditions that led to the fetch offset reset for the partition, and whether this is affecting message consumption?",core/src/main/scala/kafka/server/AbstractFetcherThread.scala,677,True,1,1.0,True,1,1,102
Vector-only,L076-Q1,v3,"The cluster seems to be rejecting partition alteration requests, potentially affecting topic management. What might be causing this behavior?",metadata/src/main/java/org/apache/kafka/controller/ReplicationControlManager.java,1300,True,1,1.0,True,1,1,109
Vector-only,L076-Q2,v3,"Hey, has anyone else noticed that we're unable to change partitions for some topics? It's been pretty frustrating.",metadata/src/main/java/org/apache/kafka/controller/ReplicationControlManager.java,1300,False,,0.0,True,87,87,227
Vector-only,L076-Q3,v3,Could there be a network issue or misconfiguration with the nodes that is preventing AlterPartition requests from being processed?,metadata/src/main/java/org/apache/kafka/controller/ReplicationControlManager.java,1300,True,1,1.0,True,1,1,64
Vector-only,L077-Q1,v3,User reports an unexpected server error when attempting to modify configuration settings.,metadata/src/main/java/org/apache/kafka/controller/ConfigurationControlManager.java,374,True,1,1.0,True,1,1,140
Vector-only,L077-Q2,v3,"The application crashes intermittently when users try to alter server configurations, leading to disruptions.",metadata/src/main/java/org/apache/kafka/controller/ConfigurationControlManager.java,374,True,1,1.0,True,1,1,82
Vector-only,L077-Q3,v3,What could be causing the failure in validation during the configuration alteration process?,metadata/src/main/java/org/apache/kafka/controller/ConfigurationControlManager.java,374,True,1,1.0,True,1,1,74
Vector-only,L078-Q1,v3,"The system is failing to create new topics, resulting in a critical error message.",metadata/src/main/java/org/apache/kafka/controller/ReplicationControlManager.java,878,True,3,0.3333333333333333,True,3,3,97
Vector-only,L078-Q2,v3,"Hey, has anyone else noticed that we can't create topics right now? Something's definitely up.",metadata/src/main/java/org/apache/kafka/controller/ReplicationControlManager.java,878,True,1,1.0,True,1,1,97
Vector-only,L078-Q3,v3,What steps can we take to identify the root cause of the server error occurring during topic creation?,metadata/src/main/java/org/apache/kafka/controller/ReplicationControlManager.java,878,True,1,1.0,True,1,1,85
Vector-only,L079-Q1,v3,The application is frequently experiencing issues where it can't process messages due to an unknown partition imbalance. What could be causing this downtime?,metadata/src/main/java/org/apache/kafka/controller/ReplicationControlManager.java,1744,True,1,1.0,True,1,1,215
Vector-only,L079-Q2,v3,It seems like we're missing messages lately because something is off with partition handling. Any ideas on what might be happening?,metadata/src/main/java/org/apache/kafka/controller/ReplicationControlManager.java,1744,True,9,0.1111111111111111,True,9,9,217
Vector-only,L079-Q3,v3,We should investigate why the system is skipping over certain partitions that it can't recognize as imbalanced. What diagnostic steps should we take?,metadata/src/main/java/org/apache/kafka/controller/ReplicationControlManager.java,1744,True,1,1.0,True,1,1,327
Vector-only,L080-Q1,v3,"We've encountered an issue where the AlterPartition request is being denied from a specific node, affecting the partition reassignment process.",metadata/src/main/java/org/apache/kafka/controller/ReplicationControlManager.java,1292,True,2,0.5,True,2,2,64
Vector-only,L080-Q2,v3,It looks like there's a problem with one of the nodes rejecting partition alterations; could this impact our data distribution?,metadata/src/main/java/org/apache/kafka/controller/ReplicationControlManager.java,1292,True,1,1.0,True,1,1,64
Vector-only,L080-Q3,v3,Can we investigate why the AlterPartition requests are being rejected by node {} for the topic-partition pair {}-{}?,metadata/src/main/java/org/apache/kafka/controller/ReplicationControlManager.java,1292,True,2,0.5,True,2,2,114
Vector-only,L082-Q1,v3,"We've noticed a situation where the in-sync replica set is overlapping with the end log position, which might lead to data inconsistencies. What could be the root cause?",metadata/src/main/java/org/apache/kafka/controller/ReplicationControlManager.java,2411,True,1,1.0,True,1,1,227
Vector-only,L082-Q2,v3,"Hey team, it seems like our ISR is larger than our ELR, and I'm worried this might affect our data flow. Any ideas on what’s going on?",metadata/src/main/java/org/apache/kafka/controller/ReplicationControlManager.java,2411,True,1,1.0,True,1,1,216
Vector-only,L082-Q3,v3,Could the overlapping ISR and ELR indicate an issue with our replica synchronization process? What checks should we perform to diagnose this further?,metadata/src/main/java/org/apache/kafka/controller/ReplicationControlManager.java,2411,True,1,1.0,True,1,1,258
Vector-only,L083-Q1,v3,The system seems to be skipping messages due to an unrecognized imbalanced topic. What could be causing this issue?,metadata/src/main/java/org/apache/kafka/controller/ReplicationControlManager.java,1738,True,1,1.0,True,1,1,209
Vector-only,L083-Q2,v3,I've noticed that some messages aren't being processed because of a weird topic imbalance. What should we check?,metadata/src/main/java/org/apache/kafka/controller/ReplicationControlManager.java,1738,True,1,1.0,True,1,1,265
Vector-only,L083-Q3,v3,Can we diagnose why the Kafka consumer is not handling the imbalanced topic effectively?,metadata/src/main/java/org/apache/kafka/controller/ReplicationControlManager.java,1738,True,1,1.0,True,1,1,157
Vector-only,L085-Q1,v3,A broker has marked several directories offline; could this lead to data unavailability for consumers?,metadata/src/main/java/org/apache/kafka/controller/ReplicationControlManager.java,1498,True,1,1.0,True,1,1,330
Vector-only,L085-Q2,v3,"Hey, I noticed that some directories are offline on one of our brokers—has anyone checked the impact on message processing?",metadata/src/main/java/org/apache/kafka/controller/ReplicationControlManager.java,1498,True,1,1.0,True,1,1,228
Vector-only,L085-Q3,v3,Can we investigate the broker's directory status to determine if the offline directories are affecting our replication or load balancing?,metadata/src/main/java/org/apache/kafka/controller/ReplicationControlManager.java,1498,True,1,1.0,True,1,1,208
Vector-only,L086-Q1,v3,We're encountering an issue where attempts to delete certain topics result in an unexpected error. Has anyone identified the root cause?,metadata/src/main/java/org/apache/kafka/controller/ReplicationControlManager.java,995,True,1,1.0,True,1,1,194
Vector-only,L086-Q2,v3,Does anyone know why we're suddenly unable to delete topics? It seems like there's an error popping up every time we try.,metadata/src/main/java/org/apache/kafka/controller/ReplicationControlManager.java,995,True,1,1.0,True,1,1,155
Vector-only,L086-Q3,v3,Could this unexpected deleteTopics error be linked to permission settings or current broker configurations?,metadata/src/main/java/org/apache/kafka/controller/ReplicationControlManager.java,995,True,1,1.0,True,1,1,165
Vector-only,L087-Q1,v3,"The system is failing to initiate a leader election for a partition that appears to be offline, causing potential data availability issues.",metadata/src/main/java/org/apache/kafka/controller/ReplicationControlManager.java,1799,True,1,1.0,True,1,1,291
Vector-only,L087-Q2,v3,Why can't we get a leader for that partition? It seems like it's stuck in an offline state.,metadata/src/main/java/org/apache/kafka/controller/ReplicationControlManager.java,1799,True,2,0.5,True,2,2,289
Vector-only,L087-Q3,v3,"Investigate the root cause of the offline partition, as it is preventing an unclean leader election from occurring.",metadata/src/main/java/org/apache/kafka/controller/ReplicationControlManager.java,1799,True,3,0.3333333333333333,True,3,3,235
Vector-only,L088-Q1,v3,"We're experiencing issues with adding new partitions, as it seems the createPartitions request is failing unexpectedly.",metadata/src/main/java/org/apache/kafka/controller/ReplicationControlManager.java,1823,True,1,1.0,True,1,1,157
Vector-only,L088-Q2,v3,Has anyone else noticed problems when trying to increase the number of partitions for a topic lately?,metadata/src/main/java/org/apache/kafka/controller/ReplicationControlManager.java,1823,True,14,0.07142857142857142,True,14,14,245
Vector-only,L088-Q3,v3,Could the failed createPartitions operation indicate a misconfiguration or resource issue in our Kafka setup?,metadata/src/main/java/org/apache/kafka/controller/ReplicationControlManager.java,1823,True,1,1.0,True,1,1,261
Vector-only,L089-Q1,v3,"The system is experiencing delays in processing broker heartbeats, leading to potential inconsistencies in cluster state.",metadata/src/main/java/org/apache/kafka/controller/ReplicationControlManager.java,1660,True,1,1.0,True,1,1,103
Vector-only,L089-Q2,v3,"Hey, it seems like our Kafka controller is getting overwhelmed; the heartbeat checks are taking too long to respond.",metadata/src/main/java/org/apache/kafka/controller/ReplicationControlManager.java,1660,True,1,1.0,True,1,1,128
Vector-only,L089-Q3,v3,Could the recent overload in the event queue be causing connection issues with our brokers?,metadata/src/main/java/org/apache/kafka/controller/ReplicationControlManager.java,1660,True,1,1.0,True,1,1,149
Vector-only,L090-Q1,v3,"A broker is attempting to assign replicas, but it seems there are partitions that have not yet been assigned. What's going on?",metadata/src/main/java/org/apache/kafka/controller/ReplicationControlManager.java,2285,True,1,1.0,True,1,1,219
Vector-only,L090-Q2,v3,"Hey team, has anyone noticed issues with replica assignments for certain partitions? They don’t seem to be getting assigned properly.",metadata/src/main/java/org/apache/kafka/controller/ReplicationControlManager.java,2285,True,2,0.5,True,2,2,262
Vector-only,L090-Q3,v3,Investigate why the assignment request is being made for a partition that has no existing assignments.,metadata/src/main/java/org/apache/kafka/controller/ReplicationControlManager.java,2285,True,2,0.5,True,2,2,227
Vector-only,L091-Q1,v3,The system appears to be consistently reporting leadership status for the same epoch; could this indicate a failure in leader election processes?,metadata/src/main/java/org/apache/kafka/controller/QuorumController.java,1067,True,1,1.0,True,1,1,215
Vector-only,L091-Q2,v3,"Hey, why does it seem like we're stuck in the same leader epoch forever?",metadata/src/main/java/org/apache/kafka/controller/QuorumController.java,1067,True,1,1.0,True,1,1,171
Vector-only,L091-Q3,v3,Can we check if there are any underlying issues affecting the leader's ability to transition between epochs?,metadata/src/main/java/org/apache/kafka/controller/QuorumController.java,1067,True,7,0.14285714285714285,True,7,7,170
Vector-only,L092-Q1,v3,"The application is failing to process messages, resulting in significant delays in data delivery.",metadata/src/main/java/org/apache/kafka/controller/EventPerformanceMonitor.java,142,False,,0.0,False,,,299
Vector-only,L092-Q2,v3,"Hey, why are we seeing a lot of consumers lagging behind on message processing lately?",metadata/src/main/java/org/apache/kafka/controller/EventPerformanceMonitor.java,142,False,,0.0,False,,,193
Vector-only,L092-Q3,v3,Could you investigate if there are any issues with the message offset commits or consumer group states?,metadata/src/main/java/org/apache/kafka/controller/EventPerformanceMonitor.java,142,False,,0.0,False,,,74
Vector-only,L093-Q1,v3,The system appears to be experiencing a rollback in metadata versioning; could this impact data consistency?,metadata/src/main/java/org/apache/kafka/controller/FeatureControlManager.java,403,True,1,1.0,True,1,1,135
Vector-only,L093-Q2,v3,"Hey, I've noticed that our metadata version has dropped unexpectedly. Any idea what might be going on?",metadata/src/main/java/org/apache/kafka/controller/FeatureControlManager.java,403,True,1,1.0,True,1,1,108
Vector-only,L093-Q3,v3,Is there a correlation between the downgrade in metadata.version and any recent operational changes or performance issues?,metadata/src/main/java/org/apache/kafka/controller/FeatureControlManager.java,403,True,1,1.0,True,1,1,116
Vector-only,L094-Q1,v3,"The broker is attempting to assign replicas, but it is unable to find the specified topic ID in the system. What could be causing this issue?",metadata/src/main/java/org/apache/kafka/controller/ReplicationControlManager.java,2271,True,1,1.0,True,1,1,297
Vector-only,L094-Q2,v3,"Hey team, has anyone else noticed that the broker can't find the topic ID when trying to assign replicas? This might be messing with our data flow.",metadata/src/main/java/org/apache/kafka/controller/ReplicationControlManager.java,2271,True,1,1.0,True,1,1,305
Vector-only,L094-Q3,v3,Investigate whether the topic ID mentioned in the allocation request is valid and properly configured in the system's metadata.,metadata/src/main/java/org/apache/kafka/controller/ReplicationControlManager.java,2271,True,5,0.2,True,5,5,236
Vector-only,L095-Q1,v3,"The broker appears to be encountering an issue where it's referencing a partition that it doesn't recognize, leading to potential data replication failures.",metadata/src/main/java/org/apache/kafka/controller/ReplicationControlManager.java,2282,True,1,1.0,True,1,1,199
Vector-only,L095-Q2,v3,"Hey, has anyone noticed that the broker is trying to assign replicas to partitions that don't seem to exist? This could really mess with our data flow.",metadata/src/main/java/org/apache/kafka/controller/ReplicationControlManager.java,2282,True,1,1.0,True,1,1,286
Vector-only,L095-Q3,v3,"We should investigate why the broker is receiving requests for unknown partitions, as this may indicate a configuration issue or a synchronization problem in the cluster.",metadata/src/main/java/org/apache/kafka/controller/ReplicationControlManager.java,2282,True,2,0.5,True,2,2,207
Vector-only,L096-Q1,v3,The Kafka cluster experienced unexpected leader elections; could this impact message delivery and processing?,metadata/src/main/java/org/apache/kafka/controller/QuorumController.java,1071,False,,0.0,False,,,284
Vector-only,L096-Q2,v3,I've noticed that the brokers are switching leaders more often than usual; is this causing any downtime?,metadata/src/main/java/org/apache/kafka/controller/QuorumController.java,1071,True,4,0.25,True,4,4,259
Vector-only,L096-Q3,v3,Can we investigate the reasons behind the leadership changes in the Kafka cluster to ensure stability?,metadata/src/main/java/org/apache/kafka/controller/QuorumController.java,1071,True,2,0.5,True,2,2,261
Vector-only,L097-Q1,v3,"The Kafka delete-logs thread is unable to schedule the next deletion, leading to potential build-up of obsolete log data. What impact is this having on system performance?",core/src/main/scala/kafka/log/LogManager.scala,1167,True,1,1.0,True,1,1,122
Vector-only,L097-Q2,v3,I've noticed that old log files are piling up in Kafka. Is there a reason why the delete-logs thread isn't working like it should?,core/src/main/scala/kafka/log/LogManager.scala,1167,True,1,1.0,True,1,1,111
Vector-only,L097-Q3,v3,Could the failure to schedule the next delete in the kafka-delete-logs thread be causing delays in log retention and management?,core/src/main/scala/kafka/log/LogManager.scala,1167,True,1,1.0,True,1,1,127
Vector-only,L098-Q1,v3,"The system is unable to retrieve data efficiently, indicating a possible configuration issue with the maximum fetch size.",core/src/main/scala/kafka/server/ReplicaManager.scala,1871,True,1,1.0,True,1,1,209
Vector-only,L098-Q2,v3,"Hey, I've noticed that we're having problems fetching data lately—could this be related to the max size settings?",core/src/main/scala/kafka/server/ReplicaManager.scala,1871,True,1,1.0,True,1,1,222
Vector-only,L098-Q3,v3,Could this error signify that the fetch source is receiving inadequate data due to a misconfigured maximum byte limit?,core/src/main/scala/kafka/server/ReplicaManager.scala,1871,True,1,1.0,True,1,1,174
Vector-only,L099-Q1,v3,"The system is unable to recognize the defined configuration, resulting in failures during process initialization. What could be causing this issue?",core/src/main/scala/kafka/server/KafkaConfig.scala,554,True,2,0.5,True,2,2,119
Vector-only,L099-Q2,v3,"Hey, I noticed that the application isn’t starting correctly. It keeps mentioning something about the configuration settings. Any ideas on what’s going wrong?",core/src/main/scala/kafka/server/KafkaConfig.scala,554,True,8,0.125,True,8,8,160
Vector-only,L099-Q3,v3,Investigate whether the configuration name is properly assigned and check if there are missing roles that may hinder process execution.,core/src/main/scala/kafka/server/KafkaConfig.scala,554,True,1,1.0,True,1,1,190
Vector-only,L100-Q1,v3,Is there a scenario where the system is trying to reset a partition status despite having no active requests?,core/src/main/scala/kafka/server/AlterPartitionManager.scala,144,True,1,1.0,True,1,1,335
Vector-only,L100-Q2,v3,Why is the application trying to clear a flag for a partition that seems to be idle?,core/src/main/scala/kafka/server/AlterPartitionManager.scala,144,True,1,1.0,True,1,1,334
Vector-only,L100-Q3,v3,What could be causing an attempt to modify partition states when there are no ongoing processes?,core/src/main/scala/kafka/server/AlterPartitionManager.scala,144,True,1,1.0,True,1,1,234
Vector-only,KAFKA-19586-Q1,JIRA,Why was a KRaft broker fenced after missing heartbeats during a rolling restart?,metadata/src/main/java/org/apache/kafka/controller/ReplicationControlManager.java,1698,True,3,0.3333333333333333,True,3,3,99
Vector-only,KAFKA-19586-Q2,JIRA,What Kafka log indicates a broker got fenced because its session timed out?,metadata/src/main/java/org/apache/kafka/controller/ReplicationControlManager.java,1698,True,1,1.0,True,1,1,252
Vector-only,KAFKA-19586-Q3,JIRA,Could a heartbeat timeout explain why the broker was fenced at its current epoch?,metadata/src/main/java/org/apache/kafka/controller/ReplicationControlManager.java,1698,True,1,1.0,True,1,1,221
Vector-only,KAFKA-9877-RM-Q1,JIRA,Why did Kafka stop serving replicas in a log directory after storage errors?,core/src/main/scala/kafka/server/ReplicaManager.scala,2172,True,2,0.5,True,2,2,160
Vector-only,KAFKA-9877-RM-Q2,JIRA,What log explains a broker taking replicas offline because a log directory failed?,core/src/main/scala/kafka/server/ReplicaManager.scala,2172,True,6,0.16666666666666666,True,6,6,160
Vector-only,KAFKA-9877-RM-Q3,JIRA,Could log directory failure be why the broker stopped serving replicas from that path?,core/src/main/scala/kafka/server/ReplicaManager.scala,2172,True,1,1.0,True,1,1,160
Vector-only,KAFKA-9877-AF-Q2,JIRA,What Kafka log indicates the broker removed fetchers for affected partitions?,core/src/main/scala/kafka/server/AbstractFetcherManager.scala,203,True,1,1.0,True,1,1,178
Vector-only,KAFKA-9877-LM-Q1,JIRA,Why did the broker shut down after every log directory failed?,core/src/main/scala/kafka/log/LogManager.scala,228,True,1,1.0,True,1,1,191
Vector-only,KAFKA-9877-LM-Q2,JIRA,What Kafka log indicates the broker is exiting because all log dirs are unusable?,core/src/main/scala/kafka/log/LogManager.scala,228,True,1,1.0,True,1,1,179
Vector-only,KAFKA-9357-Q1,JIRA,Why are replica fetch requests being disconnected before the response is read?,clients/src/main/java/org/apache/kafka/clients/FetchSessionHandler.java,618,True,20,0.05,True,20,20,188
Vector-only,KAFKA-9357-Q2,JIRA,What Kafka log explains repeated 'Error sending fetch request' messages between brokers?,clients/src/main/java/org/apache/kafka/clients/FetchSessionHandler.java,618,True,1,1.0,True,1,1,187
Vector-only,KAFKA-9357-Q3,JIRA,Could inter-broker communication failure be causing fetch requests to drop before a response is read?,clients/src/main/java/org/apache/kafka/clients/FetchSessionHandler.java,618,True,6,0.16666666666666666,True,6,6,236
Vector-only,KAFKA-8046-Q1,JIRA,Why did the broker shut down because every Kafka log directory was marked failed?,core/src/main/scala/kafka/log/LogManager.scala,228,True,1,1.0,True,1,1,194
Vector-only,KAFKA-8046-Q2,JIRA,Which Kafka log explains a broker exiting after all log dirs become unavailable?,core/src/main/scala/kafka/log/LogManager.scala,228,True,1,1.0,True,1,1,179
Vector-only,KAFKA-13960-Q1,JIRA,Why is Kafka refusing to start because all log directories are already considered failed?,core/src/main/scala/kafka/log/LogManager.scala,228,True,1,1.0,True,1,1,109
Vector-only,KAFKA-13960-Q2,JIRA,Which Kafka log explains a broker aborting startup because every log dir has failed?,core/src/main/scala/kafka/log/LogManager.scala,228,True,1,1.0,True,1,1,117
Vector-only,KAFKA-9016-Q3,JIRA,Could a log directory I/O failure explain why Kafka stopped serving replicas from that path?,core/src/main/scala/kafka/server/ReplicaManager.scala,2172,True,2,0.5,True,2,2,105
Vector-only,KAFKA-13317-Q1,JIRA,Why are brokers repeatedly logging that fetch requests to another broker were disconnected before a response was read?,clients/src/main/java/org/apache/kafka/clients/FetchSessionHandler.java,618,True,11,0.09090909090909091,True,11,11,167
Vector-only,KAFKA-13317-Q2,JIRA,What Kafka log explains inter-broker fetch traffic failing with 'connection disconnected before the response was read'?,clients/src/main/java/org/apache/kafka/clients/FetchSessionHandler.java,618,True,4,0.25,True,4,4,200
Vector-only,KAFKA-13317-Q3,JIRA,Could broken broker-to-broker connectivity be the cause of repeated fetch request disconnects?,clients/src/main/java/org/apache/kafka/clients/FetchSessionHandler.java,618,True,9,0.1111111111111111,True,9,9,180
Vector-only,KAFKA-7802-Q2,JIRA,Which Kafka log explains replica fetchers losing the response path to another broker?,clients/src/main/java/org/apache/kafka/clients/FetchSessionHandler.java,618,True,16,0.0625,True,16,16,125
Vector+CrossEncoder,L001-Q1,v2,We've observed a sudden change in the partitions being used by our Kafka topic. Can anyone explain what triggered this adjustment?,metadata/src/main/java/org/apache/kafka/controller/ReplicationControlManager.java,2055,True,4,0.25,True,13,13,198
Vector+CrossEncoder,L001-Q2,v2,"Hey team, I've noticed that our topic's partitions are switching around unexpectedly. Is there something in the configuration we need to check?",metadata/src/main/java/org/apache/kafka/controller/ReplicationControlManager.java,2055,True,9,0.1111111111111111,True,14,14,258
Vector+CrossEncoder,L001-Q3,v2,Could the alteration in partition assignments for our Kafka messages be linked to recent scaling operations or configuration changes?,metadata/src/main/java/org/apache/kafka/controller/ReplicationControlManager.java,2055,True,4,0.25,True,17,17,138
Vector+CrossEncoder,L002-Q1,v2,We're encountering issues when trying to remove a replica from a specified topic partition. What might be causing this failure?,core/src/main/scala/kafka/server/ReplicaManager.scala,2392,True,2,0.5,True,2,2,141
Vector+CrossEncoder,L002-Q2,v2,"Hey, has anyone noticed that we can't seem to delete a replica from the topic partition? This is really slowing things down!",core/src/main/scala/kafka/server/ReplicaManager.scala,2392,True,2,0.5,True,2,2,105
Vector+CrossEncoder,L002-Q3,v2,Could the inability to delete the replica for the defined topic partition indicate a potential underlying configuration issue or resource limitation?,core/src/main/scala/kafka/server/ReplicaManager.scala,2392,True,2,0.5,True,2,2,105
Vector+CrossEncoder,L003-Q1,v2,"Why is the AlterPartition request from node X failing for topic Y-partition Z, and what impact is this having on message processing?",metadata/src/main/java/org/apache/kafka/controller/ReplicationControlManager.java,1266,True,2,0.5,True,11,11,105
Vector+CrossEncoder,L003-Q2,v2,I noticed that node X couldn't handle the AlterPartition request for topic Y-partition Z—could this be causing issues with data replication?,metadata/src/main/java/org/apache/kafka/controller/ReplicationControlManager.java,1266,True,2,0.5,True,14,14,145
Vector+CrossEncoder,L003-Q3,v2,"What could be the underlying reason for node X rejecting the AlterPartition request for topic Y-partition Z, and how can we troubleshoot this further?",metadata/src/main/java/org/apache/kafka/controller/ReplicationControlManager.java,1266,True,7,0.14285714285714285,True,12,12,150
Vector+CrossEncoder,L004-Q1,v2,"Why is Broker {} showing a controlled shutdown state, and what impact does this have on message processing?",metadata/src/main/java/org/apache/kafka/controller/BrokerHeartbeatManager.java,455,True,1,1.0,True,1,1,160
Vector+CrossEncoder,L004-Q2,v2,I noticed that Broker {} is shutting down but seems stuck—could this cause delays in message delivery?,metadata/src/main/java/org/apache/kafka/controller/BrokerHeartbeatManager.java,455,True,1,1.0,True,4,4,117
Vector+CrossEncoder,L004-Q3,v2,Can we investigate why Broker {} is in a controlled shutdown state and if it affects the cluster's availability?,metadata/src/main/java/org/apache/kafka/controller/BrokerHeartbeatManager.java,455,True,1,1.0,True,1,1,157
Vector+CrossEncoder,L005-Q1,v2,We're encountering issues with message appending; can we investigate the behavior of the $topicIdPartition partition during this operation?,core/src/main/scala/kafka/server/ReplicaManager.scala,1407,True,2,0.5,True,1,1,246
Vector+CrossEncoder,L005-Q2,v2,"Hey team, it looks like we have a problem with adding messages to one of our partitions. What's going on with $topicIdPartition?",core/src/main/scala/kafka/server/ReplicaManager.scala,1407,True,2,0.5,True,1,1,247
Vector+CrossEncoder,L005-Q3,v2,"Could there be a malfunction affecting the append functionality on the $topicIdPartition, and how could we confirm the root cause?",core/src/main/scala/kafka/server/ReplicaManager.scala,1407,True,2,0.5,True,1,1,213
Vector+CrossEncoder,L006-Q1,v2,"Why is the ISR for one of our partitions currently empty, and what impact might this have on message delivery?",metadata/src/main/java/org/apache/kafka/controller/PartitionChangeBuilder.java,450,True,1,1.0,True,1,1,365
Vector+CrossEncoder,L006-Q2,v2,"Hey team, I've noticed that one of our partitions isn't having any in-sync replicas. Could this be affecting our data availability?",metadata/src/main/java/org/apache/kafka/controller/PartitionChangeBuilder.java,450,False,,0.0,False,,,261
Vector+CrossEncoder,L006-Q3,v2,Can we diagnose why the ISR is empty for this partition and what changes occurred leading up to this situation?,metadata/src/main/java/org/apache/kafka/controller/PartitionChangeBuilder.java,450,True,1,1.0,True,1,1,313
Vector+CrossEncoder,L007-Q1,v2,Is there a broker registration failure occurring due to a mismatch in API versions?,core/src/main/scala/kafka/server/BrokerLifecycleManager.scala,417,True,1,1.0,True,1,1,124
Vector+CrossEncoder,L007-Q2,v2,"Hey, is anyone else noticing issues with a broker not being able to register? Sounds like there might be a version conflict.",core/src/main/scala/kafka/server/BrokerLifecycleManager.scala,417,True,1,1.0,True,1,1,149
Vector+CrossEncoder,L007-Q3,v2,Could the inability to register broker $nodeId indicate that the required API version is not supported by the current setup?,core/src/main/scala/kafka/server/BrokerLifecycleManager.scala,417,True,1,1.0,True,1,1,104
Vector+CrossEncoder,L008-Q1,v2,We're encountering an issue where a message indicates an inconsistency in the topic ID for partition $topicPartition; can anyone confirm if there have been recent changes to the topic configuration?,core/src/main/scala/kafka/server/AbstractFetcherThread.scala,456,True,1,1.0,True,3,3,218
Vector+CrossEncoder,L008-Q2,v2,Has anyone noticed any odd behaviors related to the topic ID for partition $topicPartition? It seems like the leader is sending us conflicting information.,core/src/main/scala/kafka/server/AbstractFetcherThread.scala,456,True,1,1.0,True,1,1,196
Vector+CrossEncoder,L008-Q3,v2,"Can we investigate the status of partition $topicPartition? It appears that we're receiving inconsistent topic ID errors from the leader, which might affect data consistency.",core/src/main/scala/kafka/server/AbstractFetcherThread.scala,456,True,1,1.0,True,1,1,127
Vector+CrossEncoder,L009-Q1,v2,"Why is the periodic task failing to execute as scheduled, and what implications does its unregistration have on system performance?",metadata/src/main/java/org/apache/kafka/controller/PeriodicTaskControlManager.java,178,True,2,0.5,True,1,1,136
Vector+CrossEncoder,L009-Q2,v2,"Hey, I noticed that a scheduled task has been unregistered. Could this be causing some delays in processing?",metadata/src/main/java/org/apache/kafka/controller/PeriodicTaskControlManager.java,178,True,3,0.3333333333333333,True,1,1,134
Vector+CrossEncoder,L009-Q3,v2,Could the unregistration of this periodic task be related to recent configuration changes or resource constraints?,metadata/src/main/java/org/apache/kafka/controller/PeriodicTaskControlManager.java,178,True,2,0.5,True,1,1,42
Vector+CrossEncoder,L010-Q1,v2,We've noticed that the heartbeat signal is failing to send on time; could this be impacting the connection stability?,core/src/main/scala/kafka/server/BrokerLifecycleManager.scala,471,True,1,1.0,True,1,1,108
Vector+CrossEncoder,L010-Q2,v2,"Hey team, anyone else experiencing delays with the heartbeat? It seems like messages aren't getting through as expected.",core/src/main/scala/kafka/server/BrokerLifecycleManager.scala,471,True,2,0.5,True,1,1,160
Vector+CrossEncoder,L010-Q3,v2,Can we investigate whether the recent RPC timeout is causing issues with heartbeat transmissions and leading to downstream problems?,core/src/main/scala/kafka/server/BrokerLifecycleManager.scala,471,True,1,1.0,True,1,1,104
Vector+CrossEncoder,L011-Q1,v2,"The system experienced delays, taking %d milliseconds to delete records from the local log. What factors may be contributing to this latency?",core/src/main/scala/kafka/server/ReplicaManager.scala,1317,True,1,1.0,True,1,1,159
Vector+CrossEncoder,L011-Q2,v2,"Hey team, I've noticed that deleting records from the local log is taking way longer than usual—around %d ms! Any ideas on what's going on?",core/src/main/scala/kafka/server/ReplicaManager.scala,1317,True,1,1.0,True,1,1,139
Vector+CrossEncoder,L011-Q3,v2,"We need to investigate the performance hit observed during record deletions on the local log, which are now taking %d ms longer than expected. What metrics should we check to diagnose this issue?",core/src/main/scala/kafka/server/ReplicaManager.scala,1317,True,1,1.0,True,1,1,139
Vector+CrossEncoder,L012-Q1,v2,It seems that a broker in our Kafka cluster has unexpectedly fenced itself. What impact has this had on message processing and consumer behavior?,metadata/src/main/java/org/apache/kafka/controller/BrokerHeartbeatManager.java,408,True,1,1.0,True,10,10,194
Vector+CrossEncoder,L012-Q2,v2,"Hey team, we’ve noticed that one of our Kafka brokers is acting strange and has requested to be fenced. Has anyone else seen any dropped messages or delays in consumption from this broker?",metadata/src/main/java/org/apache/kafka/controller/BrokerHeartbeatManager.java,408,True,1,1.0,True,3,3,246
Vector+CrossEncoder,L012-Q3,v2,Could you investigate the implications of the recent fencing action taken by one of the brokers? Are there any potential issues with message availability or partition leadership we should be aware of?,metadata/src/main/java/org/apache/kafka/controller/BrokerHeartbeatManager.java,408,True,3,0.3333333333333333,True,5,5,222
Vector+CrossEncoder,L013-Q1,v2,We've noticed that the selector is not responding as expected. Can anyone explain why the processor with ID $id is closing?,core/src/main/scala/kafka/network/SocketServer.scala,931,True,1,1.0,True,1,1,124
Vector+CrossEncoder,L013-Q2,v2,It seems like the processor identified by $id is shutting down unexpectedly. Could this be affecting our message flow?,core/src/main/scala/kafka/network/SocketServer.scala,931,True,3,0.3333333333333333,True,3,3,92
Vector+CrossEncoder,L013-Q3,v2,Is there any ongoing maintenance that could be causing the processor $id to close its selector prematurely?,core/src/main/scala/kafka/network/SocketServer.scala,931,True,1,1.0,True,1,1,77
Vector+CrossEncoder,L014-Q1,v2,"Are you experiencing issues with data being sent to the specified connection, particularly with connection ID $connectionId?",core/src/main/scala/kafka/network/SocketServer.scala,994,True,2,0.5,True,2,2,107
Vector+CrossEncoder,L014-Q2,v2,"Noticed any delays in data being processed for connection $connectionId, especially after the server received a response?",core/src/main/scala/kafka/network/SocketServer.scala,994,True,1,1.0,True,1,1,94
Vector+CrossEncoder,L014-Q3,v2,Could there be a bottleneck in our socket server that's preventing timely data transmission for connection ID $connectionId?,core/src/main/scala/kafka/network/SocketServer.scala,994,True,2,0.5,True,1,1,95
Vector+CrossEncoder,L015-Q1,v2,"The system is failing to register a controller, indicating that the channel manager might not be initialized. What could be the cause of this initialization issue?",core/src/main/scala/kafka/server/ControllerRegistrationManager.scala,205,True,1,1.0,True,1,1,29
Vector+CrossEncoder,L015-Q2,v2,We're experiencing a hiccup where the controller can't get registered. Is there any reason the channel manager hasn't been set up yet?,core/src/main/scala/kafka/server/ControllerRegistrationManager.scala,205,True,1,1.0,True,1,1,29
Vector+CrossEncoder,L015-Q3,v2,It appears that the controller registration process is stalled due to an uninitialized channel manager. What steps can we take to diagnose and address this problem?,core/src/main/scala/kafka/server/ControllerRegistrationManager.scala,205,True,1,1.0,True,1,1,40
Vector+CrossEncoder,L016-Q1,v2,"The system is failing to process incoming requests, leading to unexpected interruptions in service. What could be causing this issue?",core/src/main/scala/kafka/server/ControllerApis.scala,153,True,4,0.25,True,2,2,235
Vector+CrossEncoder,L016-Q2,v2,"I'm noticing that requests are not being handled correctly, resulting in errors. What should we check first to resolve this?",core/src/main/scala/kafka/server/ControllerApis.scala,153,True,1,1.0,True,3,3,139
Vector+CrossEncoder,L016-Q3,v2,Could the handling failure of the incoming request be due to a configuration issue or resource limitation on the server?,core/src/main/scala/kafka/server/ControllerApis.scala,153,True,3,0.3333333333333333,True,2,2,81
Vector+CrossEncoder,L017-Q1,v2,"Why is the Kafka consumer unable to connect to the coordinator, and what impact is this having on message processing?",core/src/main/scala/kafka/server/KafkaApis.scala,1252,False,,0.0,False,,,74
Vector+CrossEncoder,L017-Q2,v2,Is anyone else experiencing issues with the Kafka topic where messages aren’t being acknowledged due to an invalid coordinator key?,core/src/main/scala/kafka/server/KafkaApis.scala,1252,True,1,1.0,True,1,1,201
Vector+CrossEncoder,L017-Q3,v2,"Could the invalid share coordinator key be causing delays in message delivery, and how can we pinpoint the root cause?",core/src/main/scala/kafka/server/KafkaApis.scala,1252,True,1,1.0,True,1,1,147
Vector+CrossEncoder,L018-Q1,v2,Why are the processors failing to initialize for the specified listener endpoint?,core/src/main/scala/kafka/network/SocketServer.scala,537,True,2,0.5,True,2,2,88
Vector+CrossEncoder,L018-Q2,v2,"Hey, is anyone else noticing that the listener seems to be stuck and not processing messages?",core/src/main/scala/kafka/network/SocketServer.scala,537,True,2,0.5,True,8,8,263
Vector+CrossEncoder,L018-Q3,v2,Can we confirm whether the listener endpoint is correctly starting its processors as expected?,core/src/main/scala/kafka/network/SocketServer.scala,537,True,1,1.0,True,1,1,125
Vector+CrossEncoder,L019-Q1,v2,"Why did we initiate a new fetch context, and what impact does it have on our partition data?",core/src/main/scala/kafka/server/FetchSession.scala,863,True,1,1.0,True,1,1,134
Vector+CrossEncoder,L019-Q2,v2,I noticed we created a new fetch context—could this affect our current stream performance?,core/src/main/scala/kafka/server/FetchSession.scala,863,True,1,1.0,True,3,3,138
Vector+CrossEncoder,L019-Q3,v2,Can we analyze the scenarios that trigger the creation of a full FetchContext and their implications on data retrieval?,core/src/main/scala/kafka/server/FetchSession.scala,863,True,1,1.0,True,1,1,84
Vector+CrossEncoder,L020-Q1,v2,"What could be causing the system to report difficulties in accessing the leader ID and Epoch, resulting in a reliance on the metadata cache?",core/src/main/scala/kafka/server/KafkaApis.scala,376,True,1,1.0,True,1,1,246
Vector+CrossEncoder,L020-Q2,v2,"Hey, why is it that I'm seeing issues with fetching the leader information? It seems like it's defaulting to some backup metadata.",core/src/main/scala/kafka/server/KafkaApis.scala,376,True,4,0.25,True,1,1,245
Vector+CrossEncoder,L020-Q3,v2,"Can we investigate why the Kafka broker is unable to get the local leader ID and Epoch, and what role this might play in our current data handling?",core/src/main/scala/kafka/server/KafkaApis.scala,376,True,1,1.0,True,1,1,242
Vector+CrossEncoder,L021-Q1,v2,We've noticed that a channel has been terminated due to it being inactive for too long. Could this be impacting our message processing?,core/src/main/scala/kafka/network/SocketServer.scala,1033,True,1,1.0,True,1,1,239
Vector+CrossEncoder,L021-Q2,v2,"Hey team, it seems like we're losing some connections due to inactivity. Is anyone else seeing issues with channels dropping unexpectedly?",core/src/main/scala/kafka/network/SocketServer.scala,1033,True,3,0.3333333333333333,True,1,1,172
Vector+CrossEncoder,L021-Q3,v2,Can we investigate why channels are being disconnected for expiration? Are there specific patterns or timeframes in which this is occurring?,core/src/main/scala/kafka/network/SocketServer.scala,1033,True,1,1.0,True,1,1,173
Vector+CrossEncoder,L022-Q1,v2,"Why is the data being truncated and the fetch offset reset for the specified partition, and what impact does this have on message consumption?",core/src/main/scala/kafka/server/AbstractFetcherThread.scala,711,True,4,0.25,True,1,1,93
Vector+CrossEncoder,L022-Q2,v2,"Hey, I noticed that our messages for the topic are missing; could it be related to a fetch offset reset on one of the partitions?",core/src/main/scala/kafka/server/AbstractFetcherThread.scala,711,True,5,0.2,True,7,7,93
Vector+CrossEncoder,L022-Q3,v2,Could the recent truncation and reset of the fetch offset for this partition indicate a potential issue with data retention or replication?,core/src/main/scala/kafka/server/AbstractFetcherThread.scala,711,True,4,0.25,True,1,1,60
Vector+CrossEncoder,L023-Q1,v2,What problems are occurring with the communication between the offline log directory and the controllers?,core/src/main/scala/kafka/server/BrokerLifecycleManager.scala,332,True,1,1.0,True,1,1,224
Vector+CrossEncoder,L023-Q2,v2,"Hey, why is the system shutting down? Is it related to issues with the offline log directory?",core/src/main/scala/kafka/server/BrokerLifecycleManager.scala,332,True,1,1.0,True,1,1,194
Vector+CrossEncoder,L023-Q3,v2,Can you investigate whether the offline log directory is failing to communicate with the controllers and what impact that might have?,core/src/main/scala/kafka/server/BrokerLifecycleManager.scala,332,True,1,1.0,True,1,1,179
Vector+CrossEncoder,L024-Q1,v2,"Why is our application experiencing delays when trying to produce messages, possibly due to an unknown topic identifier from the leader?",core/src/main/scala/kafka/server/AbstractFetcherThread.scala,450,True,1,1.0,True,6,6,179
Vector+CrossEncoder,L024-Q2,v2,"Hey, why does it seem like we're getting errors about a topic not being recognized when we try to send data?",core/src/main/scala/kafka/server/AbstractFetcherThread.scala,450,False,,0.0,False,,,163
Vector+CrossEncoder,L024-Q3,v2,Could this issue with the partition be linked to a misconfiguration or a lack of topic registration in our Kafka setup?,core/src/main/scala/kafka/server/AbstractFetcherThread.scala,450,False,,0.0,True,81,81,234
Vector+CrossEncoder,L025-Q1,v2,We've encountered an issue where new wakeup requests are unable to be added to the queue because it appears to be full. How are we managing the callback processing in light of this?,core/src/main/scala/kafka/network/RequestChannel.scala,503,True,1,1.0,True,1,1,220
Vector+CrossEncoder,L025-Q2,v2,"Hey team, it looks like we're hitting a snag with our wakeup requests not being added to the queue because it's at capacity. What does this mean for our current callback operations?",core/src/main/scala/kafka/network/RequestChannel.scala,503,True,1,1.0,True,1,1,249
Vector+CrossEncoder,L025-Q3,v2,Can we investigate the implications of not being able to add new wakeup requests to the queue? It seems like we might need to optimize our queue handling to avoid processing delays.,core/src/main/scala/kafka/network/RequestChannel.scala,503,True,1,1.0,True,1,1,231
Vector+CrossEncoder,L026-Q1,v2,The application is failing to initiate data retrieval for the specified topic partition. How do we troubleshoot this issue?,core/src/main/scala/kafka/server/ReplicaManager.scala,2508,False,,0.0,True,49,49,145
Vector+CrossEncoder,L026-Q2,v2,It looks like we're running into a problem where the fetch process isn't starting for one of our topic partitions. What could be causing this?,core/src/main/scala/kafka/server/ReplicaManager.scala,2508,False,,0.0,True,51,51,117
Vector+CrossEncoder,L026-Q3,v2,What diagnostic steps can we take to identify why the fetching process for the specified topic partition isn't starting up correctly?,core/src/main/scala/kafka/server/ReplicaManager.scala,2508,False,,0.0,True,49,49,125
Vector+CrossEncoder,L027-Q1,v2,"We've initiated an auto-creation request for topics, but the controller isn't responding as expected. What could be causing this delay?",core/src/main/scala/kafka/server/AutoTopicCreationManager.scala,311,True,13,0.07692307692307693,True,4,4,76
Vector+CrossEncoder,L027-Q2,v2,"It seems like we're trying to auto-create some topics, but nothing is happening. Has anyone noticed this issue before?",core/src/main/scala/kafka/server/AutoTopicCreationManager.scala,311,True,17,0.058823529411764705,True,13,13,76
Vector+CrossEncoder,L027-Q3,v2,"The system successfully sent a request to create new topics, yet there's been no update from the controller. Could there be a connectivity issue?",core/src/main/scala/kafka/server/AutoTopicCreationManager.scala,311,True,1,1.0,True,1,1,76
Vector+CrossEncoder,L028-Q1,v2,"Why is there an extended delay in the log cleanup process, and how is it affecting message retention in Kafka?",core/src/main/scala/kafka/log/LogManager.scala,612,True,1,1.0,True,2,2,129
Vector+CrossEncoder,L028-Q2,v2,"Hey, has anyone noticed if the log cleanup is taking longer than usual? It seems like things are getting backed up.",core/src/main/scala/kafka/log/LogManager.scala,612,True,1,1.0,True,2,2,73
Vector+CrossEncoder,L028-Q3,v2,Can we investigate the implications of the log cleanup starting with such a lengthy period? Is it causing any performance degradation?,core/src/main/scala/kafka/log/LogManager.scala,612,True,1,1.0,True,1,1,106
Vector+CrossEncoder,L029-Q1,v2,We're experiencing issues with processing incoming envelope responses due to missing header information. Can we investigate why the necessary request headers are not being parsed?,core/src/main/scala/kafka/server/AutoTopicCreationManager.scala,275,True,2,0.5,True,2,2,130
Vector+CrossEncoder,L029-Q2,v2,"Hey team, it seems like our system is failing to read envelope responses properly. Is there a chance we could check what happened to the original request headers?",core/src/main/scala/kafka/server/AutoTopicCreationManager.scala,275,True,2,0.5,True,4,4,118
Vector+CrossEncoder,L029-Q3,v2,"Could we run a diagnostic to determine the root cause of the failure in parsing envelope responses, specifically focusing on the absence of the required request header information?",core/src/main/scala/kafka/server/AutoTopicCreationManager.scala,275,True,2,0.5,True,3,3,161
Vector+CrossEncoder,L030-Q1,v2,What steps can we take to address the abrupt shutdown of the request handler identified as $id on broker $brokerId?,core/src/main/scala/kafka/server/KafkaRequestHandler.scala,124,True,1,1.0,True,1,1,149
Vector+CrossEncoder,L030-Q2,v2,"Hey team, did anyone notice that the request handler $id on broker $brokerId just went down unexpectedly? What could have triggered that?",core/src/main/scala/kafka/server/KafkaRequestHandler.scala,124,True,1,1.0,True,1,1,120
Vector+CrossEncoder,L030-Q3,v2,Could the sudden shutdown command for request handler $id on broker $brokerId indicate a potential issue with resource management or server stability?,core/src/main/scala/kafka/server/KafkaRequestHandler.scala,124,True,1,1.0,True,1,1,49
Vector+CrossEncoder,L031-Q1,v2,"Why did the broker receive approval to unfence, and what impact is this having on message processing?",metadata/src/main/java/org/apache/kafka/controller/BrokerHeartbeatManager.java,413,True,1,1.0,True,1,1,159
Vector+CrossEncoder,L031-Q2,v2,"Hey team, did we just get a green light from the broker to unfence? What does that mean for our current operations?",metadata/src/main/java/org/apache/kafka/controller/BrokerHeartbeatManager.java,413,True,1,1.0,True,1,1,173
Vector+CrossEncoder,L031-Q3,v2,Could the granting of the unfence request from the broker indicate underlying issues with our current queue management?,metadata/src/main/java/org/apache/kafka/controller/BrokerHeartbeatManager.java,413,True,1,1.0,True,1,1,161
Vector+CrossEncoder,L032-Q1,v2,"The broker is unable to communicate with the controller, leading to issues with partition alterations. What are the possible configuration issues that could cause this?",core/src/main/scala/kafka/server/AlterPartitionManager.scala,247,True,1,1.0,True,1,1,110
Vector+CrossEncoder,L032-Q2,v2,Why is the broker being blocked from sending partition changes to the controller? Could this be a permissions problem?,core/src/main/scala/kafka/server/AlterPartitionManager.scala,247,True,1,1.0,True,1,1,149
Vector+CrossEncoder,L032-Q3,v2,We are encountering a situation where the broker lacks authorization to perform AlterPartition operations. Have there been any recent changes to the security settings or access controls?,core/src/main/scala/kafka/server/AlterPartitionManager.scala,247,True,1,1.0,True,1,1,150
Vector+CrossEncoder,L033-Q1,v2,We've observed that a connection was rejected because the maximum allowed connections from a specific IP address have been reached. Can we investigate the source and reason for this limit being hit?,core/src/main/scala/kafka/network/SocketServer.scala,691,True,1,1.0,True,1,1,98
Vector+CrossEncoder,L033-Q2,v2,Looks like we're hitting a connection cap from one IP address—any ideas on why this is happening?,core/src/main/scala/kafka/network/SocketServer.scala,691,True,2,0.5,True,1,1,75
Vector+CrossEncoder,L033-Q3,v2,Can we run a diagnostic on the connection limits? It appears that a client from ${e.ip} is unable to connect due to exceeding our maximum connection settings.,core/src/main/scala/kafka/network/SocketServer.scala,691,True,1,1.0,True,1,1,73
Vector+CrossEncoder,L034-Q1,v2,"Why are we seeing a transition of ${localFollowers.size} partitions, and how is it affecting message processing?",core/src/main/scala/kafka/server/ReplicaManager.scala,2465,True,1,1.0,True,1,1,151
Vector+CrossEncoder,L034-Q2,v2,"Hey, has anyone noticed that there are ${localFollowers.size} partitions moving around? Is this normal?",core/src/main/scala/kafka/server/ReplicaManager.scala,2465,True,1,1.0,True,1,1,246
Vector+CrossEncoder,L034-Q3,v2,Could the transition of ${localFollowers.size} partitions indicate a possible issue with our cluster's leader election process?,core/src/main/scala/kafka/server/ReplicaManager.scala,2465,True,1,1.0,True,1,1,240
Vector+CrossEncoder,L035-Q1,v2,"Why are we unable to delete the specified topics in Kafka, as it appears that the operation returned no results?",metadata/src/main/java/org/apache/kafka/controller/ReplicationControlManager.java,1014,True,5,0.2,True,1,1,138
Vector+CrossEncoder,L035-Q2,v2,"Hey team, has anyone else noticed that attempts to delete topics are coming back with no changes at all?",metadata/src/main/java/org/apache/kafka/controller/ReplicationControlManager.java,1014,True,2,0.5,True,1,1,159
Vector+CrossEncoder,L035-Q3,v2,Could this issue indicate a problem with the topic deletion permissions or configuration settings in our Kafka setup?,metadata/src/main/java/org/apache/kafka/controller/ReplicationControlManager.java,1014,False,,0.0,True,21,21,152
Vector+CrossEncoder,L036-Q1,v2,We've encountered an issue where messages cannot be consumed because the specified topic or partition appears to be unknown to the leader. What could be causing this?,core/src/main/scala/kafka/server/AbstractFetcherThread.scala,444,True,1,1.0,True,5,5,231
Vector+CrossEncoder,L036-Q2,v2,"Hey team, we're getting an unknown topic error when trying to access certain partitions. Has anyone else seen this or know what's going on?",core/src/main/scala/kafka/server/AbstractFetcherThread.scala,444,True,3,0.3333333333333333,True,10,10,235
Vector+CrossEncoder,L036-Q3,v2,Could the absence of the expected topic or partition from the leader's perspective indicate a potential configuration error or a problem with our topic registrations?,core/src/main/scala/kafka/server/AbstractFetcherThread.scala,444,True,1,1.0,True,8,8,173
Vector+CrossEncoder,L037-Q1,v2,We've observed an unexpected removal of a topic in our Kafka environment. Can we determine the implications of replaying a RemoveTopicRecord for this specific topic ID?,metadata/src/main/java/org/apache/kafka/controller/ReplicationControlManager.java,568,True,1,1.0,True,1,1,120
Vector+CrossEncoder,L037-Q2,v2,"Hey team, it looks like one of our Kafka topics has been removed, and I'm curious if anyone knows why this might have happened. What could trigger a replay of a RemoveTopicRecord?",metadata/src/main/java/org/apache/kafka/controller/ReplicationControlManager.java,568,True,1,1.0,True,1,1,171
Vector+CrossEncoder,L037-Q3,v2,"During our debugging process, we need to investigate how replaying a RemoveTopicRecord for this topic ID affects the overall system. Are there dependencies that might be impacted?",metadata/src/main/java/org/apache/kafka/controller/ReplicationControlManager.java,568,True,1,1.0,True,1,1,138
Vector+CrossEncoder,L038-Q1,v2,"Why is the periodic task not executing as expected, indicating that it may have been unregistered?",metadata/src/main/java/org/apache/kafka/controller/PeriodicTaskControlManager.java,175,True,1,1.0,True,1,1,72
Vector+CrossEncoder,L038-Q2,v2,"Hey, has anyone noticed that a scheduled task seems to be missing from our system?",metadata/src/main/java/org/apache/kafka/controller/PeriodicTaskControlManager.java,175,True,13,0.07692307692307693,True,11,11,88
Vector+CrossEncoder,L038-Q3,v2,Could the unexpected absence of the periodic task indicate an issue with our task registration process?,metadata/src/main/java/org/apache/kafka/controller/PeriodicTaskControlManager.java,175,True,1,1.0,True,3,3,52
Vector+CrossEncoder,L039-Q1,v2,We're encountering issues where specific configurations for broker $brokerId appear to be unresponsive. What might be causing this failure in configuration application?,core/src/main/scala/kafka/server/DynamicBrokerConfig.scala,394,True,1,1.0,True,1,1,46
Vector+CrossEncoder,L039-Q2,v2,"Hey team, it looks like the settings for broker $brokerId aren't taking effect as expected. Any ideas on what could be going wrong?",core/src/main/scala/kafka/server/DynamicBrokerConfig.scala,394,True,1,1.0,True,1,1,103
Vector+CrossEncoder,L039-Q3,v2,What diagnostic steps can we take to identify why the configurations for broker $brokerId are not being applied as intended?,core/src/main/scala/kafka/server/DynamicBrokerConfig.scala,394,True,1,1.0,True,1,1,103
Vector+CrossEncoder,L040-Q1,v2,"Why are we consistently noticing that there are no entries that can be evicted from the cache, and how might this affect overall system performance?",core/src/main/scala/kafka/server/FetchSession.scala,731,True,2,0.5,True,2,2,201
Vector+CrossEncoder,L040-Q2,v2,It seems like the cache is telling us there aren't any evictable entries. Is that a good thing or is something potentially broken here?,core/src/main/scala/kafka/server/FetchSession.scala,731,True,2,0.5,True,2,2,269
Vector+CrossEncoder,L040-Q3,v2,"Could the absence of evictable entries indicate an unusual behavior in cache utilization, and what steps should we take to investigate further?",core/src/main/scala/kafka/server/FetchSession.scala,731,True,2,0.5,True,1,1,311
Vector+CrossEncoder,L041-Q1,v2,Why is the incremental fetch for session ${session.id} taking longer than expected to return results?,core/src/main/scala/kafka/server/FetchSession.scala,550,True,3,0.3333333333333333,True,3,3,55
Vector+CrossEncoder,L041-Q2,v2,"Hey, has anyone noticed that the data from session ${session.id} isn't showing up as it should?",core/src/main/scala/kafka/server/FetchSession.scala,550,True,2,0.5,True,8,8,109
Vector+CrossEncoder,L041-Q3,v2,Could the delay in the incremental fetch context for session ${session.id} indicate an underlying issue with data consistency or availability?,core/src/main/scala/kafka/server/FetchSession.scala,550,True,2,0.5,True,2,2,53
Vector+CrossEncoder,L042-Q1,v2,"The application is failing to initiate the acceptor for the specified listener endpoint, causing connection issues.",core/src/main/scala/kafka/network/SocketServer.scala,548,True,1,1.0,True,1,1,98
Vector+CrossEncoder,L042-Q2,v2,"Hey, it seems like the service won't start properly because it can't set up the listener. What's going on?",core/src/main/scala/kafka/network/SocketServer.scala,548,True,2,0.5,True,1,1,86
Vector+CrossEncoder,L042-Q3,v2,Can we check why the acceptor for the configured listener endpoint isn't initializing? This might be blocking the service.,core/src/main/scala/kafka/network/SocketServer.scala,548,True,4,0.25,True,1,1,57
Vector+CrossEncoder,L043-Q1,v2,We're experiencing connection issues with the NetworkClient; can you detail if any errors were encountered during the disconnection process?,core/src/main/scala/kafka/server/NodeToControllerChannelManager.scala,313,True,1,1.0,True,1,1,77
Vector+CrossEncoder,L043-Q2,v2,"Hey team, has anyone noticed any weirdness when trying to disconnect from the NetworkClient? It feels like something’s off.",core/src/main/scala/kafka/server/NodeToControllerChannelManager.scala,313,True,1,1.0,True,1,1,111
Vector+CrossEncoder,L043-Q3,v2,"What potential causes could lead to errors while disconnecting from the NetworkClient, and how can we investigate further?",core/src/main/scala/kafka/server/NodeToControllerChannelManager.scala,313,True,1,1.0,True,1,1,94
Vector+CrossEncoder,L044-Q1,v2,"The system is unable to successfully apply the updated configuration for the broker, resulting in potential disruptions in message processing.",core/src/main/scala/kafka/server/DynamicBrokerConfig.scala,584,True,1,1.0,True,1,1,70
Vector+CrossEncoder,L044-Q2,v2,"Hey team, I've noticed that we're having issues updating the broker settings – could this be causing our message delivery delays?",core/src/main/scala/kafka/server/DynamicBrokerConfig.scala,584,True,1,1.0,True,1,1,234
Vector+CrossEncoder,L044-Q3,v2,Could you check if there are underlying permission issues or connectivity problems that might be preventing the broker configuration from being updated?,core/src/main/scala/kafka/server/DynamicBrokerConfig.scala,584,True,1,1.0,True,1,1,124
Vector+CrossEncoder,L045-Q1,v2,"The system has encountered an issue where it fails to automatically create the specified topic, leading to potential disruptions in message processing.",core/src/main/scala/kafka/server/AutoTopicCreationManager.scala,267,True,7,0.14285714285714285,True,1,1,76
Vector+CrossEncoder,L045-Q2,v2,"Hey, it looks like we can't seem to create the topic automatically anymore. What's going on with that?",core/src/main/scala/kafka/server/AutoTopicCreationManager.scala,267,True,3,0.3333333333333333,True,1,1,76
Vector+CrossEncoder,L045-Q3,v2,"Can we investigate the underlying cause of the auto topic creation failure, specifically related to the error reported for ${topicResult.name}?",core/src/main/scala/kafka/server/AutoTopicCreationManager.scala,267,True,2,0.5,True,2,2,76
Vector+CrossEncoder,L046-Q1,v2,"The broker encountered an error while attempting to send a heartbeat request, what could be causing this disruption?",core/src/main/scala/kafka/server/BrokerLifecycleManager.scala,554,True,1,1.0,True,4,4,50
Vector+CrossEncoder,L046-Q2,v2,"Hey, why did the broker's heartbeat request fail? Is something wrong with its connection?",core/src/main/scala/kafka/server/BrokerLifecycleManager.scala,554,True,1,1.0,True,1,1,105
Vector+CrossEncoder,L046-Q3,v2,Investigate the reason behind the broker's heartbeat request failure due to the reported error code.,core/src/main/scala/kafka/server/BrokerLifecycleManager.scala,554,True,1,1.0,True,1,1,55
Vector+CrossEncoder,L047-Q1,v2,"Has there been an increase in error messages related to unsupported quota entities, indicating potential misconfigurations in quota management?",core/src/main/scala/kafka/server/metadata/ClientQuotaMetadataManager.scala,107,True,1,1.0,True,1,1,91
Vector+CrossEncoder,L047-Q2,v2,Looks like we're ignoring some unsupported quota entities—could this be affecting our overall system performance?,core/src/main/scala/kafka/server/metadata/ClientQuotaMetadataManager.scala,107,True,1,1.0,True,1,1,145
Vector+CrossEncoder,L047-Q3,v2,Could the system's inability to recognize certain quota entities be leading to unexpected resource allocation issues?,core/src/main/scala/kafka/server/metadata/ClientQuotaMetadataManager.scala,107,True,3,0.3333333333333333,True,4,4,126
Vector+CrossEncoder,L048-Q1,v2,"The system is unable to create new topics due to a version mismatch error, which is preventing resource allocation.",core/src/main/scala/kafka/server/AutoTopicCreationManager.scala,447,True,1,1.0,True,1,1,158
Vector+CrossEncoder,L048-Q2,v2,"Hey, why can’t we set up those new topics? There seems to be an issue with version compatibility.",core/src/main/scala/kafka/server/AutoTopicCreationManager.scala,447,True,2,0.5,True,1,1,162
Vector+CrossEncoder,L048-Q3,v2,Can we investigate the version settings? It looks like there’s a conflict preventing auto topic creation for the specified keys.,core/src/main/scala/kafka/server/AutoTopicCreationManager.scala,447,True,2,0.5,True,1,1,76
Vector+CrossEncoder,L049-Q1,v2,The system is experiencing unexpected behavior following a metadata version upgrade. What impact could this version change have on cluster performance?,metadata/src/main/java/org/apache/kafka/controller/FeatureControlManager.java,414,True,5,0.2,True,1,1,76
Vector+CrossEncoder,L049-Q2,v2,"After updating the metadata version, are you noticing any disruptions or failures in data processing?",metadata/src/main/java/org/apache/kafka/controller/FeatureControlManager.java,414,True,5,0.2,True,1,1,61
Vector+CrossEncoder,L049-Q3,v2,Can we verify if the application is maintaining its stability after the metadata version increment?,metadata/src/main/java/org/apache/kafka/controller/FeatureControlManager.java,414,True,1,1.0,True,1,1,125
Vector+CrossEncoder,L050-Q1,v2,We've encountered issues fetching messages from the specified partition; what might be causing this irregularity?,core/src/main/scala/kafka/server/AbstractFetcherThread.scala,406,True,1,1.0,True,1,1,77
Vector+CrossEncoder,L050-Q2,v2,It looks like there are some bad messages in the queue for the given partition. Can we investigate what's going wrong?,core/src/main/scala/kafka/server/AbstractFetcherThread.scala,406,True,1,1.0,True,1,1,215
Vector+CrossEncoder,L050-Q3,v2,The fetch operation for the provided partition is returning invalid messages; could this be linked to a serialization error or data format mismatch?,core/src/main/scala/kafka/server/AbstractFetcherThread.scala,406,True,1,1.0,True,1,1,77
Vector+CrossEncoder,L051-Q1,v3,"During the shutdown process, an unexpected thread error was encountered that seems to be affecting the LogManager functionality. What could be the underlying cause?",core/src/main/scala/kafka/log/LogManager.scala,689,True,1,1.0,True,1,1,162
Vector+CrossEncoder,L051-Q2,v3,"Hey team, it looks like we ran into an issue when shutting down the LogManager—any idea why a thread is throwing an error?",core/src/main/scala/kafka/log/LogManager.scala,689,True,1,1.0,True,1,1,101
Vector+CrossEncoder,L051-Q3,v3,Can we investigate the thread error reported during the LogManager shutdown? What steps should we take to diagnose the root cause?,core/src/main/scala/kafka/log/LogManager.scala,689,True,1,1.0,True,1,1,143
Vector+CrossEncoder,L052-Q1,v3,"The application is unable to retrieve the end offset for the specified topic and partition, leading to potential data loss.",core/src/main/scala/kafka/server/LocalLeaderEndPoint.scala,155,False,,0.0,False,,,104
Vector+CrossEncoder,L052-Q2,v3,"Hey, have you noticed that we're getting errors when trying to access the end offset for a topic? It seems like it's throwing a critical issue.",core/src/main/scala/kafka/server/LocalLeaderEndPoint.scala,155,True,1,1.0,True,13,13,135
Vector+CrossEncoder,L052-Q3,v3,What causes the system to fail while trying to obtain the EpochEndOffset for a specific topic and partition?,core/src/main/scala/kafka/server/LocalLeaderEndPoint.scala,155,True,4,0.25,True,3,3,168
Vector+CrossEncoder,L053-Q1,v3,"There seems to be an issue with the leader epoch request for certain partitions, causing potential delays in processing messages.",core/src/main/scala/kafka/server/RemoteLeaderEndPoint.scala,162,True,3,0.3333333333333333,True,1,1,112
Vector+CrossEncoder,L053-Q2,v3,"We're experiencing problems sending requests for leader epochs, which might be affecting the data flow for some of our partitions.",core/src/main/scala/kafka/server/RemoteLeaderEndPoint.scala,162,True,1,1.0,True,1,1,138
Vector+CrossEncoder,L053-Q3,v3,Can we confirm if the failure to send leader epoch requests is impacting the availability of specific partitions?,core/src/main/scala/kafka/server/RemoteLeaderEndPoint.scala,162,True,2,0.5,True,1,1,138
Vector+CrossEncoder,L054-Q1,v3,"The system is unable to process requests from the queue, indicating a version mismatch issue. What could be causing this incompatibility?",core/src/main/scala/kafka/server/NodeToControllerChannelManager.scala,290,True,1,1.0,True,1,1,238
Vector+CrossEncoder,L054-Q2,v3,"Hey, I've noticed that our request processing is hitting a wall because of a version error. Has anyone updated the system recently?",core/src/main/scala/kafka/server/NodeToControllerChannelManager.scala,290,True,1,1.0,True,1,1,204
Vector+CrossEncoder,L054-Q3,v3,Could the unsupported version error suggest a misconfiguration in the application that's attempting to access the request queue?,core/src/main/scala/kafka/server/NodeToControllerChannelManager.scala,290,True,1,1.0,True,1,1,157
Vector+CrossEncoder,L055-Q1,v3,"The configuration update failed to process properly, leading to potential issues with the Kafka setup. What might be causing this error?",core/src/main/scala/kafka/server/ConfigAdminManager.scala,255,True,14,0.07142857142857142,True,10,10,114
Vector+CrossEncoder,L055-Q2,v3,"Hey, it seems like there was a hiccup while trying to change the configuration settings. Any idea what’s going on?",core/src/main/scala/kafka/server/ConfigAdminManager.scala,255,True,11,0.09090909090909091,True,1,1,73
Vector+CrossEncoder,L055-Q3,v3,Can we investigate why the alterConfigs request is throwing an error on the specified configuration resource?,core/src/main/scala/kafka/server/ConfigAdminManager.scala,255,True,1,1.0,True,1,1,75
Vector+CrossEncoder,L056-Q1,v3,"We're encountering a severe issue where messages are not being processed for the specified topic, causing delays in data flow.",core/src/main/scala/kafka/log/LogManager.scala,1488,True,16,0.0625,True,16,16,334
Vector+CrossEncoder,L056-Q2,v3,"It seems we're having trouble with sending data to the named topic, leaving some messages stuck and unreleased.",core/src/main/scala/kafka/log/LogManager.scala,1488,True,17,0.058823529411764705,True,3,3,265
Vector+CrossEncoder,L056-Q3,v3,"Can we investigate why the flushing operation for the specified topic partition is failing, potentially impacting throughput?",core/src/main/scala/kafka/log/LogManager.scala,1488,True,1,1.0,True,1,1,179
Vector+CrossEncoder,L057-Q1,v3,"The system is failing to establish communication with the broker, leading to repeated retry attempts when sending the heartbeat from node $nodeId.",core/src/main/scala/kafka/server/BrokerLifecycleManager.scala,493,True,1,1.0,True,1,1,72
Vector+CrossEncoder,L057-Q2,v3,"Hey, we've noticed that node $nodeId isn't sending its heartbeat to the broker. It keeps trying, but nothing seems to connect.",core/src/main/scala/kafka/server/BrokerLifecycleManager.scala,493,True,1,1.0,True,1,1,147
Vector+CrossEncoder,L057-Q3,v3,Investigate why the broker heartbeat is not being sent from node $nodeId—could there be a network issue or a configuration problem?,core/src/main/scala/kafka/server/BrokerLifecycleManager.scala,493,True,4,0.25,True,3,3,78
Vector+CrossEncoder,L058-Q1,v3,"The system encountered an issue while trying to create new topics automatically, resulting in the inability to process the response properly.",core/src/main/scala/kafka/server/AutoTopicCreationManager.scala,272,True,8,0.125,True,2,2,76
Vector+CrossEncoder,L058-Q2,v3,Why can't we create new topics automatically? The response parsing is failing.,core/src/main/scala/kafka/server/AutoTopicCreationManager.scala,272,True,1,1.0,True,2,2,76
Vector+CrossEncoder,L058-Q3,v3,What diagnostics can we run to determine why the envelope response is not being parsed for auto topic creation?,core/src/main/scala/kafka/server/AutoTopicCreationManager.scala,272,True,1,1.0,True,1,1,76
Vector+CrossEncoder,L059-Q1,v3,"Why is the leader not closing properly after the replica fetcher thread shuts down, and what impact is this having on our message consumption?",core/src/main/scala/kafka/server/ReplicaFetcherThread.scala,91,True,1,1.0,True,1,1,133
Vector+CrossEncoder,L059-Q2,v3,"Dude, why does it feel like the leader is stuck and won't shut down the fetcher? What's going on?",core/src/main/scala/kafka/server/ReplicaFetcherThread.scala,91,True,1,1.0,True,2,2,201
Vector+CrossEncoder,L059-Q3,v3,Can we investigate the issue with the leader's inability to close after the fetcher thread termination? What are the implications for our data consistency?,core/src/main/scala/kafka/server/ReplicaFetcherThread.scala,91,True,1,1.0,True,1,1,87
Vector+CrossEncoder,L060-Q1,v3,"We are experiencing issues with the registration process, as the backend is returning an unexpected response type. Could this be affecting user sign-ups?",core/src/main/scala/kafka/server/ControllerRegistrationManager.scala,252,True,2,0.5,True,1,1,65
Vector+CrossEncoder,L060-Q2,v3,Looks like something's off with the registration responses! Users are getting errors when trying to complete their registrations. What could be causing this?,core/src/main/scala/kafka/server/ControllerRegistrationManager.scala,252,True,2,0.5,True,3,3,90
Vector+CrossEncoder,L060-Q3,v3,"Can we investigate the registration response handling? The system seems to be failing to process certain response types correctly, which might indicate a configuration or compatibility issue.",core/src/main/scala/kafka/server/ControllerRegistrationManager.scala,252,True,1,1.0,True,1,1,87
Vector+CrossEncoder,L061-Q1,v3,"The system encountered an unexpected error while attempting to complete a controlled shutdown, resulting in an incomplete process.",core/src/main/scala/kafka/server/BrokerServer.scala,785,True,1,1.0,True,1,1,164
Vector+CrossEncoder,L061-Q2,v3,"Hey, we tried to shut things down cleanly, but something went wrong and caused a hiccup. Any idea what happened?",core/src/main/scala/kafka/server/BrokerServer.scala,785,True,2,0.5,True,5,5,215
Vector+CrossEncoder,L061-Q3,v3,What specific factors might have led to an exception during the controlled shutdown process?,core/src/main/scala/kafka/server/BrokerServer.scala,785,True,1,1.0,True,1,1,200
Vector+CrossEncoder,L062-Q1,v3,"Why are we experiencing connectivity issues with channel $channelId, leading to socket closures?",core/src/main/scala/kafka/network/SocketServer.scala,945,True,1,1.0,True,1,1,104
Vector+CrossEncoder,L062-Q2,v3,"Hey, has anyone noticed if channel $channelId keeps dropping connections unexpectedly?",core/src/main/scala/kafka/network/SocketServer.scala,945,True,3,0.3333333333333333,True,1,1,105
Vector+CrossEncoder,L062-Q3,v3,What underlying issues might be causing the frequent socket closures for channel $channelId?,core/src/main/scala/kafka/network/SocketServer.scala,945,True,1,1.0,True,1,1,74
Vector+CrossEncoder,L063-Q1,v3,"The application is failing to process incoming data for the specified partition, leading to delays in message consumption.",core/src/main/scala/kafka/server/AbstractFetcherThread.scala,415,True,1,1.0,True,2,2,197
Vector+CrossEncoder,L063-Q2,v3,We're experiencing an issue where data processing seems to just stop for a particular partition. What could be going wrong?,core/src/main/scala/kafka/server/AbstractFetcherThread.scala,415,True,1,1.0,True,1,1,308
Vector+CrossEncoder,L063-Q3,v3,Can you investigate why there's an unexpected error occurring during data handling for partition $topicPartition?,core/src/main/scala/kafka/server/AbstractFetcherThread.scala,415,True,1,1.0,True,1,1,168
Vector+CrossEncoder,L064-Q1,v3,The application is failing to start due to configuration errors; can we confirm if any required properties are missing or misconfigured?,core/src/main/scala/kafka/server/DynamicBrokerConfig.scala,497,True,5,0.2,True,3,3,145
Vector+CrossEncoder,L064-Q2,v3,"Hey, it seems like some settings in our config aren't valid. Could that be causing the system to behave unexpectedly?",core/src/main/scala/kafka/server/DynamicBrokerConfig.scala,497,True,1,1.0,True,1,1,118
Vector+CrossEncoder,L064-Q3,v3,Can we investigate the impact of the invalid configurations on service performance and identify which properties specifically need correction?,core/src/main/scala/kafka/server/DynamicBrokerConfig.scala,497,True,1,1.0,True,1,1,31
Vector+CrossEncoder,L065-Q1,v3,The application is experiencing message delivery failures due to a partition issue.,core/src/main/scala/kafka/server/AbstractFetcherThread.scala,501,True,12,0.08333333333333333,True,1,1,208
Vector+CrossEncoder,L065-Q2,v3,We've noticed that the messages aren't being processed as expected; could it be related to a specific partition failure?,core/src/main/scala/kafka/server/AbstractFetcherThread.scala,501,True,4,0.25,True,3,3,229
Vector+CrossEncoder,L065-Q3,v3,Can we investigate the impact on the system's performance after a partition was marked as failed?,core/src/main/scala/kafka/server/AbstractFetcherThread.scala,501,True,1,1.0,True,1,1,315
Vector+CrossEncoder,L066-Q1,v3,"The broker is exhibiting an unexpected state, leading to potential disruptions in message processing.",core/src/main/scala/kafka/server/BrokerLifecycleManager.scala,550,True,1,1.0,True,1,1,144
Vector+CrossEncoder,L066-Q2,v3,We noticed the Kafka broker seems to be acting up and isn't responding as expected. What's going on?,core/src/main/scala/kafka/server/BrokerLifecycleManager.scala,550,True,7,0.14285714285714285,True,1,1,115
Vector+CrossEncoder,L066-Q3,v3,Could the unexpected broker state be affecting our message throughput or availability?,core/src/main/scala/kafka/server/BrokerLifecycleManager.scala,550,True,1,1.0,True,1,1,269
Vector+CrossEncoder,L067-Q1,v3,"The system is experiencing unexpected behavior as the controller is not providing enough results, causing delays in processing.",core/src/main/scala/kafka/server/ConfigAdminManager.scala,368,True,2,0.5,True,10,10,148
Vector+CrossEncoder,L067-Q2,v3,"Hey, why does it seem like we're missing some data? The controller's output is lower than what we expected!",core/src/main/scala/kafka/server/ConfigAdminManager.scala,368,True,1,1.0,True,2,2,117
Vector+CrossEncoder,L067-Q3,v3,Could the reduced number of results from the controller indicate an underlying issue with data fetching or connectivity?,core/src/main/scala/kafka/server/ConfigAdminManager.scala,368,True,1,1.0,True,2,2,198
Vector+CrossEncoder,L068-Q1,v3,"The application is failing to install metadata publishers, leading to disruptions in service availability. Have there been any recent changes or updates that could have impacted this process?",core/src/main/scala/kafka/server/SharedServer.scala,347,True,1,1.0,True,1,1,54
Vector+CrossEncoder,L068-Q2,v3,"We can't seem to get the metadata publishers installed. Is anyone else experiencing this issue, or is it just me?",core/src/main/scala/kafka/server/SharedServer.scala,347,True,1,1.0,True,1,1,127
Vector+CrossEncoder,L068-Q3,v3,Investigate the installation failure of metadata publishers to determine if there are any underlying configuration issues or missing dependencies.,core/src/main/scala/kafka/server/SharedServer.scala,347,True,1,1.0,True,1,1,165
Vector+CrossEncoder,L069-Q1,v3,"The system encounters an exception during the processing of requests, causing interruptions in service.",core/src/main/scala/kafka/server/KafkaRequestHandler.scala,149,True,3,0.3333333333333333,True,3,3,231
Vector+CrossEncoder,L069-Q2,v3,We noticed that there's an error popping up every time a request gets handled; could this be related to our service stability?,core/src/main/scala/kafka/server/KafkaRequestHandler.scala,149,True,2,0.5,True,4,4,159
Vector+CrossEncoder,L069-Q3,v3,"What specific conditions trigger the exception during request handling, and how might this affect overall system performance?",core/src/main/scala/kafka/server/KafkaRequestHandler.scala,149,True,2,0.5,True,2,2,203
Vector+CrossEncoder,L070-Q1,v3,"The system is failing to communicate with the controller, causing heartbeats to be undeliverable for a specific node. What could be the root cause of this connectivity issue?",core/src/main/scala/kafka/server/BrokerLifecycleManager.scala,496,True,2,0.5,True,1,1,99
Vector+CrossEncoder,L070-Q2,v3,I'm noticing that one of our nodes seems to be having trouble keeping its heartbeat alive with the controller. Has anyone else experienced this?,core/src/main/scala/kafka/server/BrokerLifecycleManager.scala,496,True,1,1.0,True,1,1,210
Vector+CrossEncoder,L070-Q3,v3,What issues might arise if a node is unable to maintain its heartbeat with the controller in a Kafka cluster?,core/src/main/scala/kafka/server/BrokerLifecycleManager.scala,496,True,1,1.0,True,1,1,200
Vector+CrossEncoder,L071-Q1,v3,The broker with ID $nodeId seems to be failing to complete its registration process. What might be causing this issue?,core/src/main/scala/kafka/server/BrokerLifecycleManager.scala,421,True,4,0.25,True,3,3,58
Vector+CrossEncoder,L071-Q2,v3,"Hey, I noticed that the broker with ID $nodeId isn't showing up as registered. Any idea what's going on?",core/src/main/scala/kafka/server/BrokerLifecycleManager.scala,421,True,3,0.3333333333333333,True,1,1,54
Vector+CrossEncoder,L071-Q3,v3,Investigate why the broker identified as $nodeId cannot successfully register. Are there network or configuration issues at play?,core/src/main/scala/kafka/server/BrokerLifecycleManager.scala,421,True,5,0.2,True,1,1,84
Vector+CrossEncoder,L072-Q1,v3,"We've encountered an issue where the system is repeatedly detecting and loading stray logs from the specified directory, causing potential data inconsistencies.",core/src/main/scala/kafka/log/LogManager.scala,357,True,2,0.5,True,1,1,104
Vector+CrossEncoder,L072-Q2,v3,Is anyone else seeing unexpected stray logs being loaded from the log directory? It seems to be happening intermittently.,core/src/main/scala/kafka/log/LogManager.scala,357,True,1,1.0,True,1,1,70
Vector+CrossEncoder,L072-Q3,v3,Could you investigate why stray logs are being loaded from the specified directory? This might be impacting our log processing pipeline.,core/src/main/scala/kafka/log/LogManager.scala,357,True,1,1.0,True,1,1,59
Vector+CrossEncoder,L073-Q1,v3,"The system is failing to identify the specified persister, resulting in data not being saved as expected. What configurations were modified recently?",core/src/main/scala/kafka/server/BrokerServer.scala,729,True,1,1.0,True,1,1,98
Vector+CrossEncoder,L073-Q2,v3,"Hey, has anyone noticed that the application isn’t storing data? It seems like there’s an issue with the persister setup.",core/src/main/scala/kafka/server/BrokerServer.scala,729,True,1,1.0,True,1,1,228
Vector+CrossEncoder,L073-Q3,v3,Can we determine if the persister factory settings were altered? This might lead us to the root cause of the data persistence problem.,core/src/main/scala/kafka/server/BrokerServer.scala,729,True,1,1.0,True,1,1,177
Vector+CrossEncoder,L074-Q1,v3,"The application fails to process registration responses, leading to user sign-up issues. What API versions are currently supported?",core/src/main/scala/kafka/server/ControllerRegistrationManager.scala,246,True,1,1.0,True,1,1,109
Vector+CrossEncoder,L074-Q2,v3,Users are getting stuck during registration because the application doesn't recognize the API version. What could be causing this?,core/src/main/scala/kafka/server/ControllerRegistrationManager.scala,246,True,1,1.0,True,1,1,134
Vector+CrossEncoder,L074-Q3,v3,Investigate why the registration handler may be rejecting responses due to unsupported API version. Is the server up-to-date with the latest specifications?,core/src/main/scala/kafka/server/ControllerRegistrationManager.scala,246,True,1,1.0,True,1,1,119
Vector+CrossEncoder,L075-Q1,v3,"Why did the system reset the fetch offset for the specified partition, and what impact could this have on data processing?",core/src/main/scala/kafka/server/AbstractFetcherThread.scala,677,True,2,0.5,True,1,1,97
Vector+CrossEncoder,L075-Q2,v3,"Hey, why's our consumer suddenly acting weird? I think the offset just reset for one of the partitions.",core/src/main/scala/kafka/server/AbstractFetcherThread.scala,677,True,10,0.1,True,20,20,158
Vector+CrossEncoder,L075-Q3,v3,"Can we investigate the conditions that led to the fetch offset reset for the partition, and whether this is affecting message consumption?",core/src/main/scala/kafka/server/AbstractFetcherThread.scala,677,True,4,0.25,True,1,1,102
Vector+CrossEncoder,L076-Q1,v3,"The cluster seems to be rejecting partition alteration requests, potentially affecting topic management. What might be causing this behavior?",metadata/src/main/java/org/apache/kafka/controller/ReplicationControlManager.java,1300,True,11,0.09090909090909091,True,1,1,109
Vector+CrossEncoder,L076-Q2,v3,"Hey, has anyone else noticed that we're unable to change partitions for some topics? It's been pretty frustrating.",metadata/src/main/java/org/apache/kafka/controller/ReplicationControlManager.java,1300,False,,0.0,True,87,87,227
Vector+CrossEncoder,L076-Q3,v3,Could there be a network issue or misconfiguration with the nodes that is preventing AlterPartition requests from being processed?,metadata/src/main/java/org/apache/kafka/controller/ReplicationControlManager.java,1300,True,10,0.1,True,1,1,64
Vector+CrossEncoder,L077-Q1,v3,User reports an unexpected server error when attempting to modify configuration settings.,metadata/src/main/java/org/apache/kafka/controller/ConfigurationControlManager.java,374,True,1,1.0,True,1,1,140
Vector+CrossEncoder,L077-Q2,v3,"The application crashes intermittently when users try to alter server configurations, leading to disruptions.",metadata/src/main/java/org/apache/kafka/controller/ConfigurationControlManager.java,374,True,1,1.0,True,1,1,82
Vector+CrossEncoder,L077-Q3,v3,What could be causing the failure in validation during the configuration alteration process?,metadata/src/main/java/org/apache/kafka/controller/ConfigurationControlManager.java,374,True,2,0.5,True,1,1,74
Vector+CrossEncoder,L078-Q1,v3,"The system is failing to create new topics, resulting in a critical error message.",metadata/src/main/java/org/apache/kafka/controller/ReplicationControlManager.java,878,True,14,0.07142857142857142,True,3,3,97
Vector+CrossEncoder,L078-Q2,v3,"Hey, has anyone else noticed that we can't create topics right now? Something's definitely up.",metadata/src/main/java/org/apache/kafka/controller/ReplicationControlManager.java,878,True,16,0.0625,True,1,1,97
Vector+CrossEncoder,L078-Q3,v3,What steps can we take to identify the root cause of the server error occurring during topic creation?,metadata/src/main/java/org/apache/kafka/controller/ReplicationControlManager.java,878,True,1,1.0,True,1,1,85
Vector+CrossEncoder,L079-Q1,v3,The application is frequently experiencing issues where it can't process messages due to an unknown partition imbalance. What could be causing this downtime?,metadata/src/main/java/org/apache/kafka/controller/ReplicationControlManager.java,1744,True,1,1.0,True,1,1,215
Vector+CrossEncoder,L079-Q2,v3,It seems like we're missing messages lately because something is off with partition handling. Any ideas on what might be happening?,metadata/src/main/java/org/apache/kafka/controller/ReplicationControlManager.java,1744,True,12,0.08333333333333333,True,9,9,217
Vector+CrossEncoder,L079-Q3,v3,We should investigate why the system is skipping over certain partitions that it can't recognize as imbalanced. What diagnostic steps should we take?,metadata/src/main/java/org/apache/kafka/controller/ReplicationControlManager.java,1744,True,1,1.0,True,1,1,327
Vector+CrossEncoder,L080-Q1,v3,"We've encountered an issue where the AlterPartition request is being denied from a specific node, affecting the partition reassignment process.",metadata/src/main/java/org/apache/kafka/controller/ReplicationControlManager.java,1292,True,9,0.1111111111111111,True,2,2,64
Vector+CrossEncoder,L080-Q2,v3,It looks like there's a problem with one of the nodes rejecting partition alterations; could this impact our data distribution?,metadata/src/main/java/org/apache/kafka/controller/ReplicationControlManager.java,1292,True,9,0.1111111111111111,True,1,1,64
Vector+CrossEncoder,L080-Q3,v3,Can we investigate why the AlterPartition requests are being rejected by node {} for the topic-partition pair {}-{}?,metadata/src/main/java/org/apache/kafka/controller/ReplicationControlManager.java,1292,True,9,0.1111111111111111,True,2,2,114
Vector+CrossEncoder,L082-Q1,v3,"We've noticed a situation where the in-sync replica set is overlapping with the end log position, which might lead to data inconsistencies. What could be the root cause?",metadata/src/main/java/org/apache/kafka/controller/ReplicationControlManager.java,2411,True,2,0.5,True,1,1,227
Vector+CrossEncoder,L082-Q2,v3,"Hey team, it seems like our ISR is larger than our ELR, and I'm worried this might affect our data flow. Any ideas on what’s going on?",metadata/src/main/java/org/apache/kafka/controller/ReplicationControlManager.java,2411,True,2,0.5,True,1,1,216
Vector+CrossEncoder,L082-Q3,v3,Could the overlapping ISR and ELR indicate an issue with our replica synchronization process? What checks should we perform to diagnose this further?,metadata/src/main/java/org/apache/kafka/controller/ReplicationControlManager.java,2411,True,1,1.0,True,1,1,258
Vector+CrossEncoder,L083-Q1,v3,The system seems to be skipping messages due to an unrecognized imbalanced topic. What could be causing this issue?,metadata/src/main/java/org/apache/kafka/controller/ReplicationControlManager.java,1738,True,1,1.0,True,1,1,209
Vector+CrossEncoder,L083-Q2,v3,I've noticed that some messages aren't being processed because of a weird topic imbalance. What should we check?,metadata/src/main/java/org/apache/kafka/controller/ReplicationControlManager.java,1738,True,1,1.0,True,1,1,265
Vector+CrossEncoder,L083-Q3,v3,Can we diagnose why the Kafka consumer is not handling the imbalanced topic effectively?,metadata/src/main/java/org/apache/kafka/controller/ReplicationControlManager.java,1738,True,8,0.125,True,1,1,157
Vector+CrossEncoder,L085-Q1,v3,A broker has marked several directories offline; could this lead to data unavailability for consumers?,metadata/src/main/java/org/apache/kafka/controller/ReplicationControlManager.java,1498,True,1,1.0,True,1,1,330
Vector+CrossEncoder,L085-Q2,v3,"Hey, I noticed that some directories are offline on one of our brokers—has anyone checked the impact on message processing?",metadata/src/main/java/org/apache/kafka/controller/ReplicationControlManager.java,1498,True,1,1.0,True,1,1,228
Vector+CrossEncoder,L085-Q3,v3,Can we investigate the broker's directory status to determine if the offline directories are affecting our replication or load balancing?,metadata/src/main/java/org/apache/kafka/controller/ReplicationControlManager.java,1498,True,1,1.0,True,1,1,208
Vector+CrossEncoder,L086-Q1,v3,We're encountering an issue where attempts to delete certain topics result in an unexpected error. Has anyone identified the root cause?,metadata/src/main/java/org/apache/kafka/controller/ReplicationControlManager.java,995,True,2,0.5,True,1,1,194
Vector+CrossEncoder,L086-Q2,v3,Does anyone know why we're suddenly unable to delete topics? It seems like there's an error popping up every time we try.,metadata/src/main/java/org/apache/kafka/controller/ReplicationControlManager.java,995,True,1,1.0,True,1,1,155
Vector+CrossEncoder,L086-Q3,v3,Could this unexpected deleteTopics error be linked to permission settings or current broker configurations?,metadata/src/main/java/org/apache/kafka/controller/ReplicationControlManager.java,995,True,1,1.0,True,1,1,165
Vector+CrossEncoder,L087-Q1,v3,"The system is failing to initiate a leader election for a partition that appears to be offline, causing potential data availability issues.",metadata/src/main/java/org/apache/kafka/controller/ReplicationControlManager.java,1799,True,3,0.3333333333333333,True,1,1,291
Vector+CrossEncoder,L087-Q2,v3,Why can't we get a leader for that partition? It seems like it's stuck in an offline state.,metadata/src/main/java/org/apache/kafka/controller/ReplicationControlManager.java,1799,True,5,0.2,True,2,2,289
Vector+CrossEncoder,L087-Q3,v3,"Investigate the root cause of the offline partition, as it is preventing an unclean leader election from occurring.",metadata/src/main/java/org/apache/kafka/controller/ReplicationControlManager.java,1799,True,2,0.5,True,3,3,235
Vector+CrossEncoder,L088-Q1,v3,"We're experiencing issues with adding new partitions, as it seems the createPartitions request is failing unexpectedly.",metadata/src/main/java/org/apache/kafka/controller/ReplicationControlManager.java,1823,True,1,1.0,True,1,1,157
Vector+CrossEncoder,L088-Q2,v3,Has anyone else noticed problems when trying to increase the number of partitions for a topic lately?,metadata/src/main/java/org/apache/kafka/controller/ReplicationControlManager.java,1823,True,19,0.05263157894736842,True,14,14,245
Vector+CrossEncoder,L088-Q3,v3,Could the failed createPartitions operation indicate a misconfiguration or resource issue in our Kafka setup?,metadata/src/main/java/org/apache/kafka/controller/ReplicationControlManager.java,1823,True,1,1.0,True,1,1,261
Vector+CrossEncoder,L089-Q1,v3,"The system is experiencing delays in processing broker heartbeats, leading to potential inconsistencies in cluster state.",metadata/src/main/java/org/apache/kafka/controller/ReplicationControlManager.java,1660,True,5,0.2,True,1,1,103
Vector+CrossEncoder,L089-Q2,v3,"Hey, it seems like our Kafka controller is getting overwhelmed; the heartbeat checks are taking too long to respond.",metadata/src/main/java/org/apache/kafka/controller/ReplicationControlManager.java,1660,True,1,1.0,True,1,1,128
Vector+CrossEncoder,L089-Q3,v3,Could the recent overload in the event queue be causing connection issues with our brokers?,metadata/src/main/java/org/apache/kafka/controller/ReplicationControlManager.java,1660,True,1,1.0,True,1,1,149
Vector+CrossEncoder,L090-Q1,v3,"A broker is attempting to assign replicas, but it seems there are partitions that have not yet been assigned. What's going on?",metadata/src/main/java/org/apache/kafka/controller/ReplicationControlManager.java,2285,True,1,1.0,True,1,1,219
Vector+CrossEncoder,L090-Q2,v3,"Hey team, has anyone noticed issues with replica assignments for certain partitions? They don’t seem to be getting assigned properly.",metadata/src/main/java/org/apache/kafka/controller/ReplicationControlManager.java,2285,True,3,0.3333333333333333,True,2,2,262
Vector+CrossEncoder,L090-Q3,v3,Investigate why the assignment request is being made for a partition that has no existing assignments.,metadata/src/main/java/org/apache/kafka/controller/ReplicationControlManager.java,2285,True,1,1.0,True,2,2,227
Vector+CrossEncoder,L091-Q1,v3,The system appears to be consistently reporting leadership status for the same epoch; could this indicate a failure in leader election processes?,metadata/src/main/java/org/apache/kafka/controller/QuorumController.java,1067,True,2,0.5,True,1,1,215
Vector+CrossEncoder,L091-Q2,v3,"Hey, why does it seem like we're stuck in the same leader epoch forever?",metadata/src/main/java/org/apache/kafka/controller/QuorumController.java,1067,True,1,1.0,True,1,1,171
Vector+CrossEncoder,L091-Q3,v3,Can we check if there are any underlying issues affecting the leader's ability to transition between epochs?,metadata/src/main/java/org/apache/kafka/controller/QuorumController.java,1067,True,1,1.0,True,7,7,170
Vector+CrossEncoder,L092-Q1,v3,"The application is failing to process messages, resulting in significant delays in data delivery.",metadata/src/main/java/org/apache/kafka/controller/EventPerformanceMonitor.java,142,False,,0.0,False,,,299
Vector+CrossEncoder,L092-Q2,v3,"Hey, why are we seeing a lot of consumers lagging behind on message processing lately?",metadata/src/main/java/org/apache/kafka/controller/EventPerformanceMonitor.java,142,False,,0.0,False,,,193
Vector+CrossEncoder,L092-Q3,v3,Could you investigate if there are any issues with the message offset commits or consumer group states?,metadata/src/main/java/org/apache/kafka/controller/EventPerformanceMonitor.java,142,False,,0.0,False,,,74
Vector+CrossEncoder,L093-Q1,v3,The system appears to be experiencing a rollback in metadata versioning; could this impact data consistency?,metadata/src/main/java/org/apache/kafka/controller/FeatureControlManager.java,403,True,2,0.5,True,1,1,135
Vector+CrossEncoder,L093-Q2,v3,"Hey, I've noticed that our metadata version has dropped unexpectedly. Any idea what might be going on?",metadata/src/main/java/org/apache/kafka/controller/FeatureControlManager.java,403,True,1,1.0,True,1,1,108
Vector+CrossEncoder,L093-Q3,v3,Is there a correlation between the downgrade in metadata.version and any recent operational changes or performance issues?,metadata/src/main/java/org/apache/kafka/controller/FeatureControlManager.java,403,True,1,1.0,True,1,1,116
Vector+CrossEncoder,L094-Q1,v3,"The broker is attempting to assign replicas, but it is unable to find the specified topic ID in the system. What could be causing this issue?",metadata/src/main/java/org/apache/kafka/controller/ReplicationControlManager.java,2271,True,1,1.0,True,1,1,297
Vector+CrossEncoder,L094-Q2,v3,"Hey team, has anyone else noticed that the broker can't find the topic ID when trying to assign replicas? This might be messing with our data flow.",metadata/src/main/java/org/apache/kafka/controller/ReplicationControlManager.java,2271,True,1,1.0,True,1,1,305
Vector+CrossEncoder,L094-Q3,v3,Investigate whether the topic ID mentioned in the allocation request is valid and properly configured in the system's metadata.,metadata/src/main/java/org/apache/kafka/controller/ReplicationControlManager.java,2271,True,5,0.2,True,5,5,236
Vector+CrossEncoder,L095-Q1,v3,"The broker appears to be encountering an issue where it's referencing a partition that it doesn't recognize, leading to potential data replication failures.",metadata/src/main/java/org/apache/kafka/controller/ReplicationControlManager.java,2282,True,1,1.0,True,1,1,199
Vector+CrossEncoder,L095-Q2,v3,"Hey, has anyone noticed that the broker is trying to assign replicas to partitions that don't seem to exist? This could really mess with our data flow.",metadata/src/main/java/org/apache/kafka/controller/ReplicationControlManager.java,2282,True,1,1.0,True,1,1,286
Vector+CrossEncoder,L095-Q3,v3,"We should investigate why the broker is receiving requests for unknown partitions, as this may indicate a configuration issue or a synchronization problem in the cluster.",metadata/src/main/java/org/apache/kafka/controller/ReplicationControlManager.java,2282,True,2,0.5,True,2,2,207
Vector+CrossEncoder,L096-Q1,v3,The Kafka cluster experienced unexpected leader elections; could this impact message delivery and processing?,metadata/src/main/java/org/apache/kafka/controller/QuorumController.java,1071,False,,0.0,False,,,284
Vector+CrossEncoder,L096-Q2,v3,I've noticed that the brokers are switching leaders more often than usual; is this causing any downtime?,metadata/src/main/java/org/apache/kafka/controller/QuorumController.java,1071,True,10,0.1,True,4,4,259
Vector+CrossEncoder,L096-Q3,v3,Can we investigate the reasons behind the leadership changes in the Kafka cluster to ensure stability?,metadata/src/main/java/org/apache/kafka/controller/QuorumController.java,1071,True,1,1.0,True,2,2,261
Vector+CrossEncoder,L097-Q1,v3,"The Kafka delete-logs thread is unable to schedule the next deletion, leading to potential build-up of obsolete log data. What impact is this having on system performance?",core/src/main/scala/kafka/log/LogManager.scala,1167,True,1,1.0,True,1,1,122
Vector+CrossEncoder,L097-Q2,v3,I've noticed that old log files are piling up in Kafka. Is there a reason why the delete-logs thread isn't working like it should?,core/src/main/scala/kafka/log/LogManager.scala,1167,True,1,1.0,True,1,1,111
Vector+CrossEncoder,L097-Q3,v3,Could the failure to schedule the next delete in the kafka-delete-logs thread be causing delays in log retention and management?,core/src/main/scala/kafka/log/LogManager.scala,1167,True,1,1.0,True,1,1,127
Vector+CrossEncoder,L098-Q1,v3,"The system is unable to retrieve data efficiently, indicating a possible configuration issue with the maximum fetch size.",core/src/main/scala/kafka/server/ReplicaManager.scala,1871,True,1,1.0,True,1,1,209
Vector+CrossEncoder,L098-Q2,v3,"Hey, I've noticed that we're having problems fetching data lately—could this be related to the max size settings?",core/src/main/scala/kafka/server/ReplicaManager.scala,1871,True,1,1.0,True,1,1,222
Vector+CrossEncoder,L098-Q3,v3,Could this error signify that the fetch source is receiving inadequate data due to a misconfigured maximum byte limit?,core/src/main/scala/kafka/server/ReplicaManager.scala,1871,True,1,1.0,True,1,1,174
Vector+CrossEncoder,L099-Q1,v3,"The system is unable to recognize the defined configuration, resulting in failures during process initialization. What could be causing this issue?",core/src/main/scala/kafka/server/KafkaConfig.scala,554,True,1,1.0,True,2,2,119
Vector+CrossEncoder,L099-Q2,v3,"Hey, I noticed that the application isn’t starting correctly. It keeps mentioning something about the configuration settings. Any ideas on what’s going wrong?",core/src/main/scala/kafka/server/KafkaConfig.scala,554,True,6,0.16666666666666666,True,8,8,160
Vector+CrossEncoder,L099-Q3,v3,Investigate whether the configuration name is properly assigned and check if there are missing roles that may hinder process execution.,core/src/main/scala/kafka/server/KafkaConfig.scala,554,True,1,1.0,True,1,1,190
Vector+CrossEncoder,L100-Q1,v3,Is there a scenario where the system is trying to reset a partition status despite having no active requests?,core/src/main/scala/kafka/server/AlterPartitionManager.scala,144,True,2,0.5,True,1,1,335
Vector+CrossEncoder,L100-Q2,v3,Why is the application trying to clear a flag for a partition that seems to be idle?,core/src/main/scala/kafka/server/AlterPartitionManager.scala,144,True,1,1.0,True,1,1,334
Vector+CrossEncoder,L100-Q3,v3,What could be causing an attempt to modify partition states when there are no ongoing processes?,core/src/main/scala/kafka/server/AlterPartitionManager.scala,144,True,1,1.0,True,1,1,234
Vector+CrossEncoder,KAFKA-19586-Q1,JIRA,Why was a KRaft broker fenced after missing heartbeats during a rolling restart?,metadata/src/main/java/org/apache/kafka/controller/ReplicationControlManager.java,1698,True,5,0.2,True,3,3,99
Vector+CrossEncoder,KAFKA-19586-Q2,JIRA,What Kafka log indicates a broker got fenced because its session timed out?,metadata/src/main/java/org/apache/kafka/controller/ReplicationControlManager.java,1698,True,1,1.0,True,1,1,252
Vector+CrossEncoder,KAFKA-19586-Q3,JIRA,Could a heartbeat timeout explain why the broker was fenced at its current epoch?,metadata/src/main/java/org/apache/kafka/controller/ReplicationControlManager.java,1698,True,1,1.0,True,1,1,221
Vector+CrossEncoder,KAFKA-9877-RM-Q1,JIRA,Why did Kafka stop serving replicas in a log directory after storage errors?,core/src/main/scala/kafka/server/ReplicaManager.scala,2172,True,1,1.0,True,2,2,160
Vector+CrossEncoder,KAFKA-9877-RM-Q2,JIRA,What log explains a broker taking replicas offline because a log directory failed?,core/src/main/scala/kafka/server/ReplicaManager.scala,2172,True,3,0.3333333333333333,True,6,6,160
Vector+CrossEncoder,KAFKA-9877-RM-Q3,JIRA,Could log directory failure be why the broker stopped serving replicas from that path?,core/src/main/scala/kafka/server/ReplicaManager.scala,2172,True,2,0.5,True,1,1,160
Vector+CrossEncoder,KAFKA-9877-AF-Q2,JIRA,What Kafka log indicates the broker removed fetchers for affected partitions?,core/src/main/scala/kafka/server/AbstractFetcherManager.scala,203,True,1,1.0,True,1,1,178
Vector+CrossEncoder,KAFKA-9877-LM-Q1,JIRA,Why did the broker shut down after every log directory failed?,core/src/main/scala/kafka/log/LogManager.scala,228,True,1,1.0,True,1,1,191
Vector+CrossEncoder,KAFKA-9877-LM-Q2,JIRA,What Kafka log indicates the broker is exiting because all log dirs are unusable?,core/src/main/scala/kafka/log/LogManager.scala,228,True,1,1.0,True,1,1,179
Vector+CrossEncoder,KAFKA-9357-Q1,JIRA,Why are replica fetch requests being disconnected before the response is read?,clients/src/main/java/org/apache/kafka/clients/FetchSessionHandler.java,618,True,18,0.05555555555555555,True,20,20,188
Vector+CrossEncoder,KAFKA-9357-Q2,JIRA,What Kafka log explains repeated 'Error sending fetch request' messages between brokers?,clients/src/main/java/org/apache/kafka/clients/FetchSessionHandler.java,618,True,1,1.0,True,1,1,187
Vector+CrossEncoder,KAFKA-9357-Q3,JIRA,Could inter-broker communication failure be causing fetch requests to drop before a response is read?,clients/src/main/java/org/apache/kafka/clients/FetchSessionHandler.java,618,True,17,0.058823529411764705,True,6,6,236
Vector+CrossEncoder,KAFKA-8046-Q1,JIRA,Why did the broker shut down because every Kafka log directory was marked failed?,core/src/main/scala/kafka/log/LogManager.scala,228,True,1,1.0,True,1,1,194
Vector+CrossEncoder,KAFKA-8046-Q2,JIRA,Which Kafka log explains a broker exiting after all log dirs become unavailable?,core/src/main/scala/kafka/log/LogManager.scala,228,True,1,1.0,True,1,1,179
Vector+CrossEncoder,KAFKA-13960-Q1,JIRA,Why is Kafka refusing to start because all log directories are already considered failed?,core/src/main/scala/kafka/log/LogManager.scala,228,True,1,1.0,True,1,1,109
Vector+CrossEncoder,KAFKA-13960-Q2,JIRA,Which Kafka log explains a broker aborting startup because every log dir has failed?,core/src/main/scala/kafka/log/LogManager.scala,228,True,1,1.0,True,1,1,117
Vector+CrossEncoder,KAFKA-9016-Q3,JIRA,Could a log directory I/O failure explain why Kafka stopped serving replicas from that path?,core/src/main/scala/kafka/server/ReplicaManager.scala,2172,True,1,1.0,True,2,2,105
Vector+CrossEncoder,KAFKA-13317-Q1,JIRA,Why are brokers repeatedly logging that fetch requests to another broker were disconnected before a response was read?,clients/src/main/java/org/apache/kafka/clients/FetchSessionHandler.java,618,True,19,0.05263157894736842,True,11,11,167
Vector+CrossEncoder,KAFKA-13317-Q2,JIRA,What Kafka log explains inter-broker fetch traffic failing with 'connection disconnected before the response was read'?,clients/src/main/java/org/apache/kafka/clients/FetchSessionHandler.java,618,True,15,0.06666666666666667,True,4,4,200
Vector+CrossEncoder,KAFKA-13317-Q3,JIRA,Could broken broker-to-broker connectivity be the cause of repeated fetch request disconnects?,clients/src/main/java/org/apache/kafka/clients/FetchSessionHandler.java,618,True,17,0.058823529411764705,True,9,9,180
Vector+CrossEncoder,KAFKA-7802-Q2,JIRA,Which Kafka log explains replica fetchers losing the response path to another broker?,clients/src/main/java/org/apache/kafka/clients/FetchSessionHandler.java,618,True,19,0.05263157894736842,True,16,16,125
AST-KG+CrossEncoder(static-K),L001-Q1,v2,We've observed a sudden change in the partitions being used by our Kafka topic. Can anyone explain what triggered this adjustment?,metadata/src/main/java/org/apache/kafka/controller/ReplicationControlManager.java,2055,True,8,0.125,True,13,8,198
AST-KG+CrossEncoder(static-K),L001-Q2,v2,"Hey team, I've noticed that our topic's partitions are switching around unexpectedly. Is there something in the configuration we need to check?",metadata/src/main/java/org/apache/kafka/controller/ReplicationControlManager.java,2055,True,14,0.07142857142857142,True,14,14,258
AST-KG+CrossEncoder(static-K),L001-Q3,v2,Could the alteration in partition assignments for our Kafka messages be linked to recent scaling operations or configuration changes?,metadata/src/main/java/org/apache/kafka/controller/ReplicationControlManager.java,2055,True,4,0.25,True,17,4,138
AST-KG+CrossEncoder(static-K),L002-Q1,v2,We're encountering issues when trying to remove a replica from a specified topic partition. What might be causing this failure?,core/src/main/scala/kafka/server/ReplicaManager.scala,2392,True,2,0.5,True,2,2,141
AST-KG+CrossEncoder(static-K),L002-Q2,v2,"Hey, has anyone noticed that we can't seem to delete a replica from the topic partition? This is really slowing things down!",core/src/main/scala/kafka/server/ReplicaManager.scala,2392,True,2,0.5,True,2,2,105
AST-KG+CrossEncoder(static-K),L002-Q3,v2,Could the inability to delete the replica for the defined topic partition indicate a potential underlying configuration issue or resource limitation?,core/src/main/scala/kafka/server/ReplicaManager.scala,2392,True,2,0.5,True,2,2,105
AST-KG+CrossEncoder(static-K),L003-Q1,v2,"Why is the AlterPartition request from node X failing for topic Y-partition Z, and what impact is this having on message processing?",metadata/src/main/java/org/apache/kafka/controller/ReplicationControlManager.java,1266,True,2,0.5,True,11,2,105
AST-KG+CrossEncoder(static-K),L003-Q2,v2,I noticed that node X couldn't handle the AlterPartition request for topic Y-partition Z—could this be causing issues with data replication?,metadata/src/main/java/org/apache/kafka/controller/ReplicationControlManager.java,1266,True,2,0.5,True,14,2,145
AST-KG+CrossEncoder(static-K),L003-Q3,v2,"What could be the underlying reason for node X rejecting the AlterPartition request for topic Y-partition Z, and how can we troubleshoot this further?",metadata/src/main/java/org/apache/kafka/controller/ReplicationControlManager.java,1266,True,7,0.14285714285714285,True,12,7,150
AST-KG+CrossEncoder(static-K),L004-Q1,v2,"Why is Broker {} showing a controlled shutdown state, and what impact does this have on message processing?",metadata/src/main/java/org/apache/kafka/controller/BrokerHeartbeatManager.java,455,True,1,1.0,True,1,1,160
AST-KG+CrossEncoder(static-K),L004-Q2,v2,I noticed that Broker {} is shutting down but seems stuck—could this cause delays in message delivery?,metadata/src/main/java/org/apache/kafka/controller/BrokerHeartbeatManager.java,455,True,1,1.0,True,4,1,117
AST-KG+CrossEncoder(static-K),L004-Q3,v2,Can we investigate why Broker {} is in a controlled shutdown state and if it affects the cluster's availability?,metadata/src/main/java/org/apache/kafka/controller/BrokerHeartbeatManager.java,455,True,1,1.0,True,1,1,157
AST-KG+CrossEncoder(static-K),L005-Q1,v2,We're encountering issues with message appending; can we investigate the behavior of the $topicIdPartition partition during this operation?,core/src/main/scala/kafka/server/ReplicaManager.scala,1407,True,1,1.0,True,1,1,246
AST-KG+CrossEncoder(static-K),L005-Q2,v2,"Hey team, it looks like we have a problem with adding messages to one of our partitions. What's going on with $topicIdPartition?",core/src/main/scala/kafka/server/ReplicaManager.scala,1407,True,1,1.0,True,1,1,247
AST-KG+CrossEncoder(static-K),L005-Q3,v2,"Could there be a malfunction affecting the append functionality on the $topicIdPartition, and how could we confirm the root cause?",core/src/main/scala/kafka/server/ReplicaManager.scala,1407,True,1,1.0,True,1,1,213
AST-KG+CrossEncoder(static-K),L006-Q1,v2,"Why is the ISR for one of our partitions currently empty, and what impact might this have on message delivery?",metadata/src/main/java/org/apache/kafka/controller/PartitionChangeBuilder.java,450,True,1,1.0,True,1,1,365
AST-KG+CrossEncoder(static-K),L006-Q2,v2,"Hey team, I've noticed that one of our partitions isn't having any in-sync replicas. Could this be affecting our data availability?",metadata/src/main/java/org/apache/kafka/controller/PartitionChangeBuilder.java,450,False,,0.0,False,,,261
AST-KG+CrossEncoder(static-K),L006-Q3,v2,Can we diagnose why the ISR is empty for this partition and what changes occurred leading up to this situation?,metadata/src/main/java/org/apache/kafka/controller/PartitionChangeBuilder.java,450,True,1,1.0,True,1,1,313
AST-KG+CrossEncoder(static-K),L007-Q1,v2,Is there a broker registration failure occurring due to a mismatch in API versions?,core/src/main/scala/kafka/server/BrokerLifecycleManager.scala,417,True,1,1.0,True,1,1,124
AST-KG+CrossEncoder(static-K),L007-Q2,v2,"Hey, is anyone else noticing issues with a broker not being able to register? Sounds like there might be a version conflict.",core/src/main/scala/kafka/server/BrokerLifecycleManager.scala,417,True,1,1.0,True,1,1,149
AST-KG+CrossEncoder(static-K),L007-Q3,v2,Could the inability to register broker $nodeId indicate that the required API version is not supported by the current setup?,core/src/main/scala/kafka/server/BrokerLifecycleManager.scala,417,True,1,1.0,True,1,1,104
AST-KG+CrossEncoder(static-K),L008-Q1,v2,We're encountering an issue where a message indicates an inconsistency in the topic ID for partition $topicPartition; can anyone confirm if there have been recent changes to the topic configuration?,core/src/main/scala/kafka/server/AbstractFetcherThread.scala,456,True,3,0.3333333333333333,True,3,3,218
AST-KG+CrossEncoder(static-K),L008-Q2,v2,Has anyone noticed any odd behaviors related to the topic ID for partition $topicPartition? It seems like the leader is sending us conflicting information.,core/src/main/scala/kafka/server/AbstractFetcherThread.scala,456,True,1,1.0,True,1,1,196
AST-KG+CrossEncoder(static-K),L008-Q3,v2,"Can we investigate the status of partition $topicPartition? It appears that we're receiving inconsistent topic ID errors from the leader, which might affect data consistency.",core/src/main/scala/kafka/server/AbstractFetcherThread.scala,456,True,1,1.0,True,1,1,127
AST-KG+CrossEncoder(static-K),L009-Q1,v2,"Why is the periodic task failing to execute as scheduled, and what implications does its unregistration have on system performance?",metadata/src/main/java/org/apache/kafka/controller/PeriodicTaskControlManager.java,178,True,2,0.5,True,1,2,136
AST-KG+CrossEncoder(static-K),L009-Q2,v2,"Hey, I noticed that a scheduled task has been unregistered. Could this be causing some delays in processing?",metadata/src/main/java/org/apache/kafka/controller/PeriodicTaskControlManager.java,178,True,3,0.3333333333333333,True,1,3,134
AST-KG+CrossEncoder(static-K),L009-Q3,v2,Could the unregistration of this periodic task be related to recent configuration changes or resource constraints?,metadata/src/main/java/org/apache/kafka/controller/PeriodicTaskControlManager.java,178,True,2,0.5,True,1,2,42
AST-KG+CrossEncoder(static-K),L010-Q1,v2,We've noticed that the heartbeat signal is failing to send on time; could this be impacting the connection stability?,core/src/main/scala/kafka/server/BrokerLifecycleManager.scala,471,True,1,1.0,True,1,1,108
AST-KG+CrossEncoder(static-K),L010-Q2,v2,"Hey team, anyone else experiencing delays with the heartbeat? It seems like messages aren't getting through as expected.",core/src/main/scala/kafka/server/BrokerLifecycleManager.scala,471,True,4,0.25,True,1,4,160
AST-KG+CrossEncoder(static-K),L010-Q3,v2,Can we investigate whether the recent RPC timeout is causing issues with heartbeat transmissions and leading to downstream problems?,core/src/main/scala/kafka/server/BrokerLifecycleManager.scala,471,True,1,1.0,True,1,1,104
AST-KG+CrossEncoder(static-K),L011-Q1,v2,"The system experienced delays, taking %d milliseconds to delete records from the local log. What factors may be contributing to this latency?",core/src/main/scala/kafka/server/ReplicaManager.scala,1317,True,1,1.0,True,1,1,159
AST-KG+CrossEncoder(static-K),L011-Q2,v2,"Hey team, I've noticed that deleting records from the local log is taking way longer than usual—around %d ms! Any ideas on what's going on?",core/src/main/scala/kafka/server/ReplicaManager.scala,1317,True,1,1.0,True,1,1,139
AST-KG+CrossEncoder(static-K),L011-Q3,v2,"We need to investigate the performance hit observed during record deletions on the local log, which are now taking %d ms longer than expected. What metrics should we check to diagnose this issue?",core/src/main/scala/kafka/server/ReplicaManager.scala,1317,True,1,1.0,True,1,1,139
AST-KG+CrossEncoder(static-K),L012-Q1,v2,It seems that a broker in our Kafka cluster has unexpectedly fenced itself. What impact has this had on message processing and consumer behavior?,metadata/src/main/java/org/apache/kafka/controller/BrokerHeartbeatManager.java,408,True,1,1.0,True,10,1,194
AST-KG+CrossEncoder(static-K),L012-Q2,v2,"Hey team, we’ve noticed that one of our Kafka brokers is acting strange and has requested to be fenced. Has anyone else seen any dropped messages or delays in consumption from this broker?",metadata/src/main/java/org/apache/kafka/controller/BrokerHeartbeatManager.java,408,True,3,0.3333333333333333,True,3,3,246
AST-KG+CrossEncoder(static-K),L012-Q3,v2,Could you investigate the implications of the recent fencing action taken by one of the brokers? Are there any potential issues with message availability or partition leadership we should be aware of?,metadata/src/main/java/org/apache/kafka/controller/BrokerHeartbeatManager.java,408,True,5,0.2,True,5,5,222
AST-KG+CrossEncoder(static-K),L013-Q1,v2,We've noticed that the selector is not responding as expected. Can anyone explain why the processor with ID $id is closing?,core/src/main/scala/kafka/network/SocketServer.scala,931,True,1,1.0,True,1,1,124
AST-KG+CrossEncoder(static-K),L013-Q2,v2,It seems like the processor identified by $id is shutting down unexpectedly. Could this be affecting our message flow?,core/src/main/scala/kafka/network/SocketServer.scala,931,True,3,0.3333333333333333,True,3,3,92
AST-KG+CrossEncoder(static-K),L013-Q3,v2,Is there any ongoing maintenance that could be causing the processor $id to close its selector prematurely?,core/src/main/scala/kafka/network/SocketServer.scala,931,True,1,1.0,True,1,1,77
AST-KG+CrossEncoder(static-K),L014-Q1,v2,"Are you experiencing issues with data being sent to the specified connection, particularly with connection ID $connectionId?",core/src/main/scala/kafka/network/SocketServer.scala,994,True,2,0.5,True,2,2,107
AST-KG+CrossEncoder(static-K),L014-Q2,v2,"Noticed any delays in data being processed for connection $connectionId, especially after the server received a response?",core/src/main/scala/kafka/network/SocketServer.scala,994,True,1,1.0,True,1,1,94
AST-KG+CrossEncoder(static-K),L014-Q3,v2,Could there be a bottleneck in our socket server that's preventing timely data transmission for connection ID $connectionId?,core/src/main/scala/kafka/network/SocketServer.scala,994,True,2,0.5,True,1,2,95
AST-KG+CrossEncoder(static-K),L015-Q1,v2,"The system is failing to register a controller, indicating that the channel manager might not be initialized. What could be the cause of this initialization issue?",core/src/main/scala/kafka/server/ControllerRegistrationManager.scala,205,True,1,1.0,True,1,1,29
AST-KG+CrossEncoder(static-K),L015-Q2,v2,We're experiencing a hiccup where the controller can't get registered. Is there any reason the channel manager hasn't been set up yet?,core/src/main/scala/kafka/server/ControllerRegistrationManager.scala,205,True,1,1.0,True,1,1,29
AST-KG+CrossEncoder(static-K),L015-Q3,v2,It appears that the controller registration process is stalled due to an uninitialized channel manager. What steps can we take to diagnose and address this problem?,core/src/main/scala/kafka/server/ControllerRegistrationManager.scala,205,True,1,1.0,True,1,1,40
AST-KG+CrossEncoder(static-K),L016-Q1,v2,"The system is failing to process incoming requests, leading to unexpected interruptions in service. What could be causing this issue?",core/src/main/scala/kafka/server/ControllerApis.scala,153,True,2,0.5,True,2,2,235
AST-KG+CrossEncoder(static-K),L016-Q2,v2,"I'm noticing that requests are not being handled correctly, resulting in errors. What should we check first to resolve this?",core/src/main/scala/kafka/server/ControllerApis.scala,153,True,1,1.0,True,3,1,139
AST-KG+CrossEncoder(static-K),L016-Q3,v2,Could the handling failure of the incoming request be due to a configuration issue or resource limitation on the server?,core/src/main/scala/kafka/server/ControllerApis.scala,153,True,3,0.3333333333333333,True,2,3,81
AST-KG+CrossEncoder(static-K),L017-Q1,v2,"Why is the Kafka consumer unable to connect to the coordinator, and what impact is this having on message processing?",core/src/main/scala/kafka/server/KafkaApis.scala,1252,False,,0.0,False,,,74
AST-KG+CrossEncoder(static-K),L017-Q2,v2,Is anyone else experiencing issues with the Kafka topic where messages aren’t being acknowledged due to an invalid coordinator key?,core/src/main/scala/kafka/server/KafkaApis.scala,1252,True,1,1.0,True,1,1,201
AST-KG+CrossEncoder(static-K),L017-Q3,v2,"Could the invalid share coordinator key be causing delays in message delivery, and how can we pinpoint the root cause?",core/src/main/scala/kafka/server/KafkaApis.scala,1252,True,1,1.0,True,1,1,147
AST-KG+CrossEncoder(static-K),L018-Q1,v2,Why are the processors failing to initialize for the specified listener endpoint?,core/src/main/scala/kafka/network/SocketServer.scala,537,True,2,0.5,True,2,2,88
AST-KG+CrossEncoder(static-K),L018-Q2,v2,"Hey, is anyone else noticing that the listener seems to be stuck and not processing messages?",core/src/main/scala/kafka/network/SocketServer.scala,537,True,8,0.125,True,8,8,263
AST-KG+CrossEncoder(static-K),L018-Q3,v2,Can we confirm whether the listener endpoint is correctly starting its processors as expected?,core/src/main/scala/kafka/network/SocketServer.scala,537,True,1,1.0,True,1,1,125
AST-KG+CrossEncoder(static-K),L019-Q1,v2,"Why did we initiate a new fetch context, and what impact does it have on our partition data?",core/src/main/scala/kafka/server/FetchSession.scala,863,True,1,1.0,True,1,1,134
AST-KG+CrossEncoder(static-K),L019-Q2,v2,I noticed we created a new fetch context—could this affect our current stream performance?,core/src/main/scala/kafka/server/FetchSession.scala,863,True,1,1.0,True,3,1,138
AST-KG+CrossEncoder(static-K),L019-Q3,v2,Can we analyze the scenarios that trigger the creation of a full FetchContext and their implications on data retrieval?,core/src/main/scala/kafka/server/FetchSession.scala,863,True,1,1.0,True,1,1,84
AST-KG+CrossEncoder(static-K),L020-Q1,v2,"What could be causing the system to report difficulties in accessing the leader ID and Epoch, resulting in a reliance on the metadata cache?",core/src/main/scala/kafka/server/KafkaApis.scala,376,True,1,1.0,True,1,1,246
AST-KG+CrossEncoder(static-K),L020-Q2,v2,"Hey, why is it that I'm seeing issues with fetching the leader information? It seems like it's defaulting to some backup metadata.",core/src/main/scala/kafka/server/KafkaApis.scala,376,True,1,1.0,True,1,1,245
AST-KG+CrossEncoder(static-K),L020-Q3,v2,"Can we investigate why the Kafka broker is unable to get the local leader ID and Epoch, and what role this might play in our current data handling?",core/src/main/scala/kafka/server/KafkaApis.scala,376,True,1,1.0,True,1,1,242
AST-KG+CrossEncoder(static-K),L021-Q1,v2,We've noticed that a channel has been terminated due to it being inactive for too long. Could this be impacting our message processing?,core/src/main/scala/kafka/network/SocketServer.scala,1033,True,1,1.0,True,1,1,239
AST-KG+CrossEncoder(static-K),L021-Q2,v2,"Hey team, it seems like we're losing some connections due to inactivity. Is anyone else seeing issues with channels dropping unexpectedly?",core/src/main/scala/kafka/network/SocketServer.scala,1033,True,7,0.14285714285714285,True,1,7,172
AST-KG+CrossEncoder(static-K),L021-Q3,v2,Can we investigate why channels are being disconnected for expiration? Are there specific patterns or timeframes in which this is occurring?,core/src/main/scala/kafka/network/SocketServer.scala,1033,True,1,1.0,True,1,1,173
AST-KG+CrossEncoder(static-K),L022-Q1,v2,"Why is the data being truncated and the fetch offset reset for the specified partition, and what impact does this have on message consumption?",core/src/main/scala/kafka/server/AbstractFetcherThread.scala,711,True,4,0.25,True,1,4,93
AST-KG+CrossEncoder(static-K),L022-Q2,v2,"Hey, I noticed that our messages for the topic are missing; could it be related to a fetch offset reset on one of the partitions?",core/src/main/scala/kafka/server/AbstractFetcherThread.scala,711,True,5,0.2,True,7,5,93
AST-KG+CrossEncoder(static-K),L022-Q3,v2,Could the recent truncation and reset of the fetch offset for this partition indicate a potential issue with data retention or replication?,core/src/main/scala/kafka/server/AbstractFetcherThread.scala,711,True,4,0.25,True,1,4,60
AST-KG+CrossEncoder(static-K),L023-Q1,v2,What problems are occurring with the communication between the offline log directory and the controllers?,core/src/main/scala/kafka/server/BrokerLifecycleManager.scala,332,True,1,1.0,True,1,1,224
AST-KG+CrossEncoder(static-K),L023-Q2,v2,"Hey, why is the system shutting down? Is it related to issues with the offline log directory?",core/src/main/scala/kafka/server/BrokerLifecycleManager.scala,332,True,1,1.0,True,1,1,194
AST-KG+CrossEncoder(static-K),L023-Q3,v2,Can you investigate whether the offline log directory is failing to communicate with the controllers and what impact that might have?,core/src/main/scala/kafka/server/BrokerLifecycleManager.scala,332,True,1,1.0,True,1,1,179
AST-KG+CrossEncoder(static-K),L024-Q1,v2,"Why is our application experiencing delays when trying to produce messages, possibly due to an unknown topic identifier from the leader?",core/src/main/scala/kafka/server/AbstractFetcherThread.scala,450,True,1,1.0,True,6,1,179
AST-KG+CrossEncoder(static-K),L024-Q2,v2,"Hey, why does it seem like we're getting errors about a topic not being recognized when we try to send data?",core/src/main/scala/kafka/server/AbstractFetcherThread.scala,450,False,,0.0,False,,,163
AST-KG+CrossEncoder(static-K),L024-Q3,v2,Could this issue with the partition be linked to a misconfiguration or a lack of topic registration in our Kafka setup?,core/src/main/scala/kafka/server/AbstractFetcherThread.scala,450,False,81,0.0,True,81,81,234
AST-KG+CrossEncoder(static-K),L025-Q1,v2,We've encountered an issue where new wakeup requests are unable to be added to the queue because it appears to be full. How are we managing the callback processing in light of this?,core/src/main/scala/kafka/network/RequestChannel.scala,503,True,1,1.0,True,1,1,220
AST-KG+CrossEncoder(static-K),L025-Q2,v2,"Hey team, it looks like we're hitting a snag with our wakeup requests not being added to the queue because it's at capacity. What does this mean for our current callback operations?",core/src/main/scala/kafka/network/RequestChannel.scala,503,True,1,1.0,True,1,1,249
AST-KG+CrossEncoder(static-K),L025-Q3,v2,Can we investigate the implications of not being able to add new wakeup requests to the queue? It seems like we might need to optimize our queue handling to avoid processing delays.,core/src/main/scala/kafka/network/RequestChannel.scala,503,True,1,1.0,True,1,1,231
AST-KG+CrossEncoder(static-K),L026-Q1,v2,The application is failing to initiate data retrieval for the specified topic partition. How do we troubleshoot this issue?,core/src/main/scala/kafka/server/ReplicaManager.scala,2508,True,16,0.0625,True,49,16,145
AST-KG+CrossEncoder(static-K),L026-Q2,v2,It looks like we're running into a problem where the fetch process isn't starting for one of our topic partitions. What could be causing this?,core/src/main/scala/kafka/server/ReplicaManager.scala,2508,True,3,0.3333333333333333,True,51,3,117
AST-KG+CrossEncoder(static-K),L026-Q3,v2,What diagnostic steps can we take to identify why the fetching process for the specified topic partition isn't starting up correctly?,core/src/main/scala/kafka/server/ReplicaManager.scala,2508,True,5,0.2,True,49,5,125
AST-KG+CrossEncoder(static-K),L027-Q1,v2,"We've initiated an auto-creation request for topics, but the controller isn't responding as expected. What could be causing this delay?",core/src/main/scala/kafka/server/AutoTopicCreationManager.scala,311,True,13,0.07692307692307693,True,4,13,76
AST-KG+CrossEncoder(static-K),L027-Q2,v2,"It seems like we're trying to auto-create some topics, but nothing is happening. Has anyone noticed this issue before?",core/src/main/scala/kafka/server/AutoTopicCreationManager.scala,311,True,17,0.058823529411764705,True,13,17,76
AST-KG+CrossEncoder(static-K),L027-Q3,v2,"The system successfully sent a request to create new topics, yet there's been no update from the controller. Could there be a connectivity issue?",core/src/main/scala/kafka/server/AutoTopicCreationManager.scala,311,True,1,1.0,True,1,1,76
AST-KG+CrossEncoder(static-K),L028-Q1,v2,"Why is there an extended delay in the log cleanup process, and how is it affecting message retention in Kafka?",core/src/main/scala/kafka/log/LogManager.scala,612,True,1,1.0,True,2,1,129
AST-KG+CrossEncoder(static-K),L028-Q2,v2,"Hey, has anyone noticed if the log cleanup is taking longer than usual? It seems like things are getting backed up.",core/src/main/scala/kafka/log/LogManager.scala,612,True,1,1.0,True,2,1,73
AST-KG+CrossEncoder(static-K),L028-Q3,v2,Can we investigate the implications of the log cleanup starting with such a lengthy period? Is it causing any performance degradation?,core/src/main/scala/kafka/log/LogManager.scala,612,True,1,1.0,True,1,1,106
AST-KG+CrossEncoder(static-K),L029-Q1,v2,We're experiencing issues with processing incoming envelope responses due to missing header information. Can we investigate why the necessary request headers are not being parsed?,core/src/main/scala/kafka/server/AutoTopicCreationManager.scala,275,True,2,0.5,True,2,2,130
AST-KG+CrossEncoder(static-K),L029-Q2,v2,"Hey team, it seems like our system is failing to read envelope responses properly. Is there a chance we could check what happened to the original request headers?",core/src/main/scala/kafka/server/AutoTopicCreationManager.scala,275,True,2,0.5,True,4,2,118
AST-KG+CrossEncoder(static-K),L029-Q3,v2,"Could we run a diagnostic to determine the root cause of the failure in parsing envelope responses, specifically focusing on the absence of the required request header information?",core/src/main/scala/kafka/server/AutoTopicCreationManager.scala,275,True,2,0.5,True,3,2,161
AST-KG+CrossEncoder(static-K),L030-Q1,v2,What steps can we take to address the abrupt shutdown of the request handler identified as $id on broker $brokerId?,core/src/main/scala/kafka/server/KafkaRequestHandler.scala,124,True,1,1.0,True,1,1,149
AST-KG+CrossEncoder(static-K),L030-Q2,v2,"Hey team, did anyone notice that the request handler $id on broker $brokerId just went down unexpectedly? What could have triggered that?",core/src/main/scala/kafka/server/KafkaRequestHandler.scala,124,True,1,1.0,True,1,1,120
AST-KG+CrossEncoder(static-K),L030-Q3,v2,Could the sudden shutdown command for request handler $id on broker $brokerId indicate a potential issue with resource management or server stability?,core/src/main/scala/kafka/server/KafkaRequestHandler.scala,124,True,1,1.0,True,1,1,49
AST-KG+CrossEncoder(static-K),L031-Q1,v2,"Why did the broker receive approval to unfence, and what impact is this having on message processing?",metadata/src/main/java/org/apache/kafka/controller/BrokerHeartbeatManager.java,413,True,1,1.0,True,1,1,159
AST-KG+CrossEncoder(static-K),L031-Q2,v2,"Hey team, did we just get a green light from the broker to unfence? What does that mean for our current operations?",metadata/src/main/java/org/apache/kafka/controller/BrokerHeartbeatManager.java,413,True,1,1.0,True,1,1,173
AST-KG+CrossEncoder(static-K),L031-Q3,v2,Could the granting of the unfence request from the broker indicate underlying issues with our current queue management?,metadata/src/main/java/org/apache/kafka/controller/BrokerHeartbeatManager.java,413,True,1,1.0,True,1,1,161
AST-KG+CrossEncoder(static-K),L032-Q1,v2,"The broker is unable to communicate with the controller, leading to issues with partition alterations. What are the possible configuration issues that could cause this?",core/src/main/scala/kafka/server/AlterPartitionManager.scala,247,True,1,1.0,True,1,1,110
AST-KG+CrossEncoder(static-K),L032-Q2,v2,Why is the broker being blocked from sending partition changes to the controller? Could this be a permissions problem?,core/src/main/scala/kafka/server/AlterPartitionManager.scala,247,True,1,1.0,True,1,1,149
AST-KG+CrossEncoder(static-K),L032-Q3,v2,We are encountering a situation where the broker lacks authorization to perform AlterPartition operations. Have there been any recent changes to the security settings or access controls?,core/src/main/scala/kafka/server/AlterPartitionManager.scala,247,True,1,1.0,True,1,1,150
AST-KG+CrossEncoder(static-K),L033-Q1,v2,We've observed that a connection was rejected because the maximum allowed connections from a specific IP address have been reached. Can we investigate the source and reason for this limit being hit?,core/src/main/scala/kafka/network/SocketServer.scala,691,True,1,1.0,True,1,1,98
AST-KG+CrossEncoder(static-K),L033-Q2,v2,Looks like we're hitting a connection cap from one IP address—any ideas on why this is happening?,core/src/main/scala/kafka/network/SocketServer.scala,691,True,2,0.5,True,1,2,75
AST-KG+CrossEncoder(static-K),L033-Q3,v2,Can we run a diagnostic on the connection limits? It appears that a client from ${e.ip} is unable to connect due to exceeding our maximum connection settings.,core/src/main/scala/kafka/network/SocketServer.scala,691,True,1,1.0,True,1,1,73
AST-KG+CrossEncoder(static-K),L034-Q1,v2,"Why are we seeing a transition of ${localFollowers.size} partitions, and how is it affecting message processing?",core/src/main/scala/kafka/server/ReplicaManager.scala,2465,True,1,1.0,True,1,1,151
AST-KG+CrossEncoder(static-K),L034-Q2,v2,"Hey, has anyone noticed that there are ${localFollowers.size} partitions moving around? Is this normal?",core/src/main/scala/kafka/server/ReplicaManager.scala,2465,True,1,1.0,True,1,1,246
AST-KG+CrossEncoder(static-K),L034-Q3,v2,Could the transition of ${localFollowers.size} partitions indicate a possible issue with our cluster's leader election process?,core/src/main/scala/kafka/server/ReplicaManager.scala,2465,True,1,1.0,True,1,1,240
AST-KG+CrossEncoder(static-K),L035-Q1,v2,"Why are we unable to delete the specified topics in Kafka, as it appears that the operation returned no results?",metadata/src/main/java/org/apache/kafka/controller/ReplicationControlManager.java,1014,True,5,0.2,True,1,5,138
AST-KG+CrossEncoder(static-K),L035-Q2,v2,"Hey team, has anyone else noticed that attempts to delete topics are coming back with no changes at all?",metadata/src/main/java/org/apache/kafka/controller/ReplicationControlManager.java,1014,True,2,0.5,True,1,2,159
AST-KG+CrossEncoder(static-K),L035-Q3,v2,Could this issue indicate a problem with the topic deletion permissions or configuration settings in our Kafka setup?,metadata/src/main/java/org/apache/kafka/controller/ReplicationControlManager.java,1014,True,8,0.125,True,21,8,152
AST-KG+CrossEncoder(static-K),L036-Q1,v2,We've encountered an issue where messages cannot be consumed because the specified topic or partition appears to be unknown to the leader. What could be causing this?,core/src/main/scala/kafka/server/AbstractFetcherThread.scala,444,True,5,0.2,True,5,5,231
AST-KG+CrossEncoder(static-K),L036-Q2,v2,"Hey team, we're getting an unknown topic error when trying to access certain partitions. Has anyone else seen this or know what's going on?",core/src/main/scala/kafka/server/AbstractFetcherThread.scala,444,True,10,0.1,True,10,10,235
AST-KG+CrossEncoder(static-K),L036-Q3,v2,Could the absence of the expected topic or partition from the leader's perspective indicate a potential configuration error or a problem with our topic registrations?,core/src/main/scala/kafka/server/AbstractFetcherThread.scala,444,True,1,1.0,True,8,1,173
AST-KG+CrossEncoder(static-K),L037-Q1,v2,We've observed an unexpected removal of a topic in our Kafka environment. Can we determine the implications of replaying a RemoveTopicRecord for this specific topic ID?,metadata/src/main/java/org/apache/kafka/controller/ReplicationControlManager.java,568,True,1,1.0,True,1,1,120
AST-KG+CrossEncoder(static-K),L037-Q2,v2,"Hey team, it looks like one of our Kafka topics has been removed, and I'm curious if anyone knows why this might have happened. What could trigger a replay of a RemoveTopicRecord?",metadata/src/main/java/org/apache/kafka/controller/ReplicationControlManager.java,568,True,1,1.0,True,1,1,171
AST-KG+CrossEncoder(static-K),L037-Q3,v2,"During our debugging process, we need to investigate how replaying a RemoveTopicRecord for this topic ID affects the overall system. Are there dependencies that might be impacted?",metadata/src/main/java/org/apache/kafka/controller/ReplicationControlManager.java,568,True,1,1.0,True,1,1,138
AST-KG+CrossEncoder(static-K),L038-Q1,v2,"Why is the periodic task not executing as expected, indicating that it may have been unregistered?",metadata/src/main/java/org/apache/kafka/controller/PeriodicTaskControlManager.java,175,True,1,1.0,True,1,1,72
AST-KG+CrossEncoder(static-K),L038-Q2,v2,"Hey, has anyone noticed that a scheduled task seems to be missing from our system?",metadata/src/main/java/org/apache/kafka/controller/PeriodicTaskControlManager.java,175,False,,0.0,True,11,24,88
AST-KG+CrossEncoder(static-K),L038-Q3,v2,Could the unexpected absence of the periodic task indicate an issue with our task registration process?,metadata/src/main/java/org/apache/kafka/controller/PeriodicTaskControlManager.java,175,True,1,1.0,True,3,1,52
AST-KG+CrossEncoder(static-K),L039-Q1,v2,We're encountering issues where specific configurations for broker $brokerId appear to be unresponsive. What might be causing this failure in configuration application?,core/src/main/scala/kafka/server/DynamicBrokerConfig.scala,394,True,1,1.0,True,1,1,46
AST-KG+CrossEncoder(static-K),L039-Q2,v2,"Hey team, it looks like the settings for broker $brokerId aren't taking effect as expected. Any ideas on what could be going wrong?",core/src/main/scala/kafka/server/DynamicBrokerConfig.scala,394,True,1,1.0,True,1,1,103
AST-KG+CrossEncoder(static-K),L039-Q3,v2,What diagnostic steps can we take to identify why the configurations for broker $brokerId are not being applied as intended?,core/src/main/scala/kafka/server/DynamicBrokerConfig.scala,394,True,1,1.0,True,1,1,103
AST-KG+CrossEncoder(static-K),L040-Q1,v2,"Why are we consistently noticing that there are no entries that can be evicted from the cache, and how might this affect overall system performance?",core/src/main/scala/kafka/server/FetchSession.scala,731,True,2,0.5,True,2,2,201
AST-KG+CrossEncoder(static-K),L040-Q2,v2,It seems like the cache is telling us there aren't any evictable entries. Is that a good thing or is something potentially broken here?,core/src/main/scala/kafka/server/FetchSession.scala,731,True,2,0.5,True,2,2,269
AST-KG+CrossEncoder(static-K),L040-Q3,v2,"Could the absence of evictable entries indicate an unusual behavior in cache utilization, and what steps should we take to investigate further?",core/src/main/scala/kafka/server/FetchSession.scala,731,True,1,1.0,True,1,1,311
AST-KG+CrossEncoder(static-K),L041-Q1,v2,Why is the incremental fetch for session ${session.id} taking longer than expected to return results?,core/src/main/scala/kafka/server/FetchSession.scala,550,True,3,0.3333333333333333,True,3,3,55
AST-KG+CrossEncoder(static-K),L041-Q2,v2,"Hey, has anyone noticed that the data from session ${session.id} isn't showing up as it should?",core/src/main/scala/kafka/server/FetchSession.scala,550,True,2,0.5,True,8,2,109
AST-KG+CrossEncoder(static-K),L041-Q3,v2,Could the delay in the incremental fetch context for session ${session.id} indicate an underlying issue with data consistency or availability?,core/src/main/scala/kafka/server/FetchSession.scala,550,True,2,0.5,True,2,2,53
AST-KG+CrossEncoder(static-K),L042-Q1,v2,"The application is failing to initiate the acceptor for the specified listener endpoint, causing connection issues.",core/src/main/scala/kafka/network/SocketServer.scala,548,True,1,1.0,True,1,1,98
AST-KG+CrossEncoder(static-K),L042-Q2,v2,"Hey, it seems like the service won't start properly because it can't set up the listener. What's going on?",core/src/main/scala/kafka/network/SocketServer.scala,548,True,2,0.5,True,1,2,86
AST-KG+CrossEncoder(static-K),L042-Q3,v2,Can we check why the acceptor for the configured listener endpoint isn't initializing? This might be blocking the service.,core/src/main/scala/kafka/network/SocketServer.scala,548,True,4,0.25,True,1,4,57
AST-KG+CrossEncoder(static-K),L043-Q1,v2,We're experiencing connection issues with the NetworkClient; can you detail if any errors were encountered during the disconnection process?,core/src/main/scala/kafka/server/NodeToControllerChannelManager.scala,313,True,1,1.0,True,1,1,77
AST-KG+CrossEncoder(static-K),L043-Q2,v2,"Hey team, has anyone noticed any weirdness when trying to disconnect from the NetworkClient? It feels like something’s off.",core/src/main/scala/kafka/server/NodeToControllerChannelManager.scala,313,True,1,1.0,True,1,1,111
AST-KG+CrossEncoder(static-K),L043-Q3,v2,"What potential causes could lead to errors while disconnecting from the NetworkClient, and how can we investigate further?",core/src/main/scala/kafka/server/NodeToControllerChannelManager.scala,313,True,1,1.0,True,1,1,94
AST-KG+CrossEncoder(static-K),L044-Q1,v2,"The system is unable to successfully apply the updated configuration for the broker, resulting in potential disruptions in message processing.",core/src/main/scala/kafka/server/DynamicBrokerConfig.scala,584,True,1,1.0,True,1,1,70
AST-KG+CrossEncoder(static-K),L044-Q2,v2,"Hey team, I've noticed that we're having issues updating the broker settings – could this be causing our message delivery delays?",core/src/main/scala/kafka/server/DynamicBrokerConfig.scala,584,True,1,1.0,True,1,1,234
AST-KG+CrossEncoder(static-K),L044-Q3,v2,Could you check if there are underlying permission issues or connectivity problems that might be preventing the broker configuration from being updated?,core/src/main/scala/kafka/server/DynamicBrokerConfig.scala,584,True,1,1.0,True,1,1,124
AST-KG+CrossEncoder(static-K),L045-Q1,v2,"The system has encountered an issue where it fails to automatically create the specified topic, leading to potential disruptions in message processing.",core/src/main/scala/kafka/server/AutoTopicCreationManager.scala,267,True,7,0.14285714285714285,True,1,7,76
AST-KG+CrossEncoder(static-K),L045-Q2,v2,"Hey, it looks like we can't seem to create the topic automatically anymore. What's going on with that?",core/src/main/scala/kafka/server/AutoTopicCreationManager.scala,267,True,3,0.3333333333333333,True,1,3,76
AST-KG+CrossEncoder(static-K),L045-Q3,v2,"Can we investigate the underlying cause of the auto topic creation failure, specifically related to the error reported for ${topicResult.name}?",core/src/main/scala/kafka/server/AutoTopicCreationManager.scala,267,True,2,0.5,True,2,2,76
AST-KG+CrossEncoder(static-K),L046-Q1,v2,"The broker encountered an error while attempting to send a heartbeat request, what could be causing this disruption?",core/src/main/scala/kafka/server/BrokerLifecycleManager.scala,554,True,1,1.0,True,4,1,50
AST-KG+CrossEncoder(static-K),L046-Q2,v2,"Hey, why did the broker's heartbeat request fail? Is something wrong with its connection?",core/src/main/scala/kafka/server/BrokerLifecycleManager.scala,554,True,1,1.0,True,1,1,105
AST-KG+CrossEncoder(static-K),L046-Q3,v2,Investigate the reason behind the broker's heartbeat request failure due to the reported error code.,core/src/main/scala/kafka/server/BrokerLifecycleManager.scala,554,True,1,1.0,True,1,1,55
AST-KG+CrossEncoder(static-K),L047-Q1,v2,"Has there been an increase in error messages related to unsupported quota entities, indicating potential misconfigurations in quota management?",core/src/main/scala/kafka/server/metadata/ClientQuotaMetadataManager.scala,107,True,1,1.0,True,1,1,91
AST-KG+CrossEncoder(static-K),L047-Q2,v2,Looks like we're ignoring some unsupported quota entities—could this be affecting our overall system performance?,core/src/main/scala/kafka/server/metadata/ClientQuotaMetadataManager.scala,107,True,1,1.0,True,1,1,145
AST-KG+CrossEncoder(static-K),L047-Q3,v2,Could the system's inability to recognize certain quota entities be leading to unexpected resource allocation issues?,core/src/main/scala/kafka/server/metadata/ClientQuotaMetadataManager.scala,107,True,3,0.3333333333333333,True,4,3,126
AST-KG+CrossEncoder(static-K),L048-Q1,v2,"The system is unable to create new topics due to a version mismatch error, which is preventing resource allocation.",core/src/main/scala/kafka/server/AutoTopicCreationManager.scala,447,True,1,1.0,True,1,1,158
AST-KG+CrossEncoder(static-K),L048-Q2,v2,"Hey, why can’t we set up those new topics? There seems to be an issue with version compatibility.",core/src/main/scala/kafka/server/AutoTopicCreationManager.scala,447,True,2,0.5,True,1,2,162
AST-KG+CrossEncoder(static-K),L048-Q3,v2,Can we investigate the version settings? It looks like there’s a conflict preventing auto topic creation for the specified keys.,core/src/main/scala/kafka/server/AutoTopicCreationManager.scala,447,True,2,0.5,True,1,2,76
AST-KG+CrossEncoder(static-K),L049-Q1,v2,The system is experiencing unexpected behavior following a metadata version upgrade. What impact could this version change have on cluster performance?,metadata/src/main/java/org/apache/kafka/controller/FeatureControlManager.java,414,True,7,0.14285714285714285,True,1,7,76
AST-KG+CrossEncoder(static-K),L049-Q2,v2,"After updating the metadata version, are you noticing any disruptions or failures in data processing?",metadata/src/main/java/org/apache/kafka/controller/FeatureControlManager.java,414,True,6,0.16666666666666666,True,1,6,61
AST-KG+CrossEncoder(static-K),L049-Q3,v2,Can we verify if the application is maintaining its stability after the metadata version increment?,metadata/src/main/java/org/apache/kafka/controller/FeatureControlManager.java,414,True,1,1.0,True,1,1,125
AST-KG+CrossEncoder(static-K),L050-Q1,v2,We've encountered issues fetching messages from the specified partition; what might be causing this irregularity?,core/src/main/scala/kafka/server/AbstractFetcherThread.scala,406,True,1,1.0,True,1,1,77
AST-KG+CrossEncoder(static-K),L050-Q2,v2,It looks like there are some bad messages in the queue for the given partition. Can we investigate what's going wrong?,core/src/main/scala/kafka/server/AbstractFetcherThread.scala,406,True,1,1.0,True,1,1,215
AST-KG+CrossEncoder(static-K),L050-Q3,v2,The fetch operation for the provided partition is returning invalid messages; could this be linked to a serialization error or data format mismatch?,core/src/main/scala/kafka/server/AbstractFetcherThread.scala,406,True,1,1.0,True,1,1,77
AST-KG+CrossEncoder(static-K),L051-Q1,v3,"During the shutdown process, an unexpected thread error was encountered that seems to be affecting the LogManager functionality. What could be the underlying cause?",core/src/main/scala/kafka/log/LogManager.scala,689,True,1,1.0,True,1,1,162
AST-KG+CrossEncoder(static-K),L051-Q2,v3,"Hey team, it looks like we ran into an issue when shutting down the LogManager—any idea why a thread is throwing an error?",core/src/main/scala/kafka/log/LogManager.scala,689,True,1,1.0,True,1,1,101
AST-KG+CrossEncoder(static-K),L051-Q3,v3,Can we investigate the thread error reported during the LogManager shutdown? What steps should we take to diagnose the root cause?,core/src/main/scala/kafka/log/LogManager.scala,689,True,1,1.0,True,1,1,143
AST-KG+CrossEncoder(static-K),L052-Q1,v3,"The application is unable to retrieve the end offset for the specified topic and partition, leading to potential data loss.",core/src/main/scala/kafka/server/LocalLeaderEndPoint.scala,155,False,,0.0,False,,,104
AST-KG+CrossEncoder(static-K),L052-Q2,v3,"Hey, have you noticed that we're getting errors when trying to access the end offset for a topic? It seems like it's throwing a critical issue.",core/src/main/scala/kafka/server/LocalLeaderEndPoint.scala,155,True,1,1.0,True,13,1,135
AST-KG+CrossEncoder(static-K),L052-Q3,v3,What causes the system to fail while trying to obtain the EpochEndOffset for a specific topic and partition?,core/src/main/scala/kafka/server/LocalLeaderEndPoint.scala,155,True,4,0.25,True,3,4,168
AST-KG+CrossEncoder(static-K),L053-Q1,v3,"There seems to be an issue with the leader epoch request for certain partitions, causing potential delays in processing messages.",core/src/main/scala/kafka/server/RemoteLeaderEndPoint.scala,162,True,3,0.3333333333333333,True,1,3,112
AST-KG+CrossEncoder(static-K),L053-Q2,v3,"We're experiencing problems sending requests for leader epochs, which might be affecting the data flow for some of our partitions.",core/src/main/scala/kafka/server/RemoteLeaderEndPoint.scala,162,True,1,1.0,True,1,1,138
AST-KG+CrossEncoder(static-K),L053-Q3,v3,Can we confirm if the failure to send leader epoch requests is impacting the availability of specific partitions?,core/src/main/scala/kafka/server/RemoteLeaderEndPoint.scala,162,True,2,0.5,True,1,2,138
AST-KG+CrossEncoder(static-K),L054-Q1,v3,"The system is unable to process requests from the queue, indicating a version mismatch issue. What could be causing this incompatibility?",core/src/main/scala/kafka/server/NodeToControllerChannelManager.scala,290,True,1,1.0,True,1,1,238
AST-KG+CrossEncoder(static-K),L054-Q2,v3,"Hey, I've noticed that our request processing is hitting a wall because of a version error. Has anyone updated the system recently?",core/src/main/scala/kafka/server/NodeToControllerChannelManager.scala,290,True,1,1.0,True,1,1,204
AST-KG+CrossEncoder(static-K),L054-Q3,v3,Could the unsupported version error suggest a misconfiguration in the application that's attempting to access the request queue?,core/src/main/scala/kafka/server/NodeToControllerChannelManager.scala,290,True,1,1.0,True,1,1,157
AST-KG+CrossEncoder(static-K),L055-Q1,v3,"The configuration update failed to process properly, leading to potential issues with the Kafka setup. What might be causing this error?",core/src/main/scala/kafka/server/ConfigAdminManager.scala,255,False,,0.0,True,10,26,114
AST-KG+CrossEncoder(static-K),L055-Q2,v3,"Hey, it seems like there was a hiccup while trying to change the configuration settings. Any idea what’s going on?",core/src/main/scala/kafka/server/ConfigAdminManager.scala,255,True,13,0.07692307692307693,True,1,13,73
AST-KG+CrossEncoder(static-K),L055-Q3,v3,Can we investigate why the alterConfigs request is throwing an error on the specified configuration resource?,core/src/main/scala/kafka/server/ConfigAdminManager.scala,255,True,1,1.0,True,1,1,75
AST-KG+CrossEncoder(static-K),L056-Q1,v3,"We're encountering a severe issue where messages are not being processed for the specified topic, causing delays in data flow.",core/src/main/scala/kafka/log/LogManager.scala,1488,True,16,0.0625,True,16,16,334
AST-KG+CrossEncoder(static-K),L056-Q2,v3,"It seems we're having trouble with sending data to the named topic, leaving some messages stuck and unreleased.",core/src/main/scala/kafka/log/LogManager.scala,1488,True,3,0.3333333333333333,True,3,3,265
AST-KG+CrossEncoder(static-K),L056-Q3,v3,"Can we investigate why the flushing operation for the specified topic partition is failing, potentially impacting throughput?",core/src/main/scala/kafka/log/LogManager.scala,1488,True,1,1.0,True,1,1,179
AST-KG+CrossEncoder(static-K),L057-Q1,v3,"The system is failing to establish communication with the broker, leading to repeated retry attempts when sending the heartbeat from node $nodeId.",core/src/main/scala/kafka/server/BrokerLifecycleManager.scala,493,True,1,1.0,True,1,1,72
AST-KG+CrossEncoder(static-K),L057-Q2,v3,"Hey, we've noticed that node $nodeId isn't sending its heartbeat to the broker. It keeps trying, but nothing seems to connect.",core/src/main/scala/kafka/server/BrokerLifecycleManager.scala,493,True,1,1.0,True,1,1,147
AST-KG+CrossEncoder(static-K),L057-Q3,v3,Investigate why the broker heartbeat is not being sent from node $nodeId—could there be a network issue or a configuration problem?,core/src/main/scala/kafka/server/BrokerLifecycleManager.scala,493,True,4,0.25,True,3,4,78
AST-KG+CrossEncoder(static-K),L058-Q1,v3,"The system encountered an issue while trying to create new topics automatically, resulting in the inability to process the response properly.",core/src/main/scala/kafka/server/AutoTopicCreationManager.scala,272,True,8,0.125,True,2,8,76
AST-KG+CrossEncoder(static-K),L058-Q2,v3,Why can't we create new topics automatically? The response parsing is failing.,core/src/main/scala/kafka/server/AutoTopicCreationManager.scala,272,True,1,1.0,True,2,1,76
AST-KG+CrossEncoder(static-K),L058-Q3,v3,What diagnostics can we run to determine why the envelope response is not being parsed for auto topic creation?,core/src/main/scala/kafka/server/AutoTopicCreationManager.scala,272,True,1,1.0,True,1,1,76
AST-KG+CrossEncoder(static-K),L059-Q1,v3,"Why is the leader not closing properly after the replica fetcher thread shuts down, and what impact is this having on our message consumption?",core/src/main/scala/kafka/server/ReplicaFetcherThread.scala,91,True,1,1.0,True,1,1,133
AST-KG+CrossEncoder(static-K),L059-Q2,v3,"Dude, why does it feel like the leader is stuck and won't shut down the fetcher? What's going on?",core/src/main/scala/kafka/server/ReplicaFetcherThread.scala,91,True,2,0.5,True,2,2,201
AST-KG+CrossEncoder(static-K),L059-Q3,v3,Can we investigate the issue with the leader's inability to close after the fetcher thread termination? What are the implications for our data consistency?,core/src/main/scala/kafka/server/ReplicaFetcherThread.scala,91,True,1,1.0,True,1,1,87
AST-KG+CrossEncoder(static-K),L060-Q1,v3,"We are experiencing issues with the registration process, as the backend is returning an unexpected response type. Could this be affecting user sign-ups?",core/src/main/scala/kafka/server/ControllerRegistrationManager.scala,252,True,2,0.5,True,1,2,65
AST-KG+CrossEncoder(static-K),L060-Q2,v3,Looks like something's off with the registration responses! Users are getting errors when trying to complete their registrations. What could be causing this?,core/src/main/scala/kafka/server/ControllerRegistrationManager.scala,252,True,2,0.5,True,3,2,90
AST-KG+CrossEncoder(static-K),L060-Q3,v3,"Can we investigate the registration response handling? The system seems to be failing to process certain response types correctly, which might indicate a configuration or compatibility issue.",core/src/main/scala/kafka/server/ControllerRegistrationManager.scala,252,True,1,1.0,True,1,1,87
AST-KG+CrossEncoder(static-K),L061-Q1,v3,"The system encountered an unexpected error while attempting to complete a controlled shutdown, resulting in an incomplete process.",core/src/main/scala/kafka/server/BrokerServer.scala,785,True,1,1.0,True,1,1,164
AST-KG+CrossEncoder(static-K),L061-Q2,v3,"Hey, we tried to shut things down cleanly, but something went wrong and caused a hiccup. Any idea what happened?",core/src/main/scala/kafka/server/BrokerServer.scala,785,True,5,0.2,True,5,5,215
AST-KG+CrossEncoder(static-K),L061-Q3,v3,What specific factors might have led to an exception during the controlled shutdown process?,core/src/main/scala/kafka/server/BrokerServer.scala,785,True,1,1.0,True,1,1,200
AST-KG+CrossEncoder(static-K),L062-Q1,v3,"Why are we experiencing connectivity issues with channel $channelId, leading to socket closures?",core/src/main/scala/kafka/network/SocketServer.scala,945,True,1,1.0,True,1,1,104
AST-KG+CrossEncoder(static-K),L062-Q2,v3,"Hey, has anyone noticed if channel $channelId keeps dropping connections unexpectedly?",core/src/main/scala/kafka/network/SocketServer.scala,945,True,3,0.3333333333333333,True,1,3,105
AST-KG+CrossEncoder(static-K),L062-Q3,v3,What underlying issues might be causing the frequent socket closures for channel $channelId?,core/src/main/scala/kafka/network/SocketServer.scala,945,True,1,1.0,True,1,1,74
AST-KG+CrossEncoder(static-K),L063-Q1,v3,"The application is failing to process incoming data for the specified partition, leading to delays in message consumption.",core/src/main/scala/kafka/server/AbstractFetcherThread.scala,415,True,1,1.0,True,2,1,197
AST-KG+CrossEncoder(static-K),L063-Q2,v3,We're experiencing an issue where data processing seems to just stop for a particular partition. What could be going wrong?,core/src/main/scala/kafka/server/AbstractFetcherThread.scala,415,True,1,1.0,True,1,1,308
AST-KG+CrossEncoder(static-K),L063-Q3,v3,Can you investigate why there's an unexpected error occurring during data handling for partition $topicPartition?,core/src/main/scala/kafka/server/AbstractFetcherThread.scala,415,True,1,1.0,True,1,1,168
AST-KG+CrossEncoder(static-K),L064-Q1,v3,The application is failing to start due to configuration errors; can we confirm if any required properties are missing or misconfigured?,core/src/main/scala/kafka/server/DynamicBrokerConfig.scala,497,True,9,0.1111111111111111,True,3,9,145
AST-KG+CrossEncoder(static-K),L064-Q2,v3,"Hey, it seems like some settings in our config aren't valid. Could that be causing the system to behave unexpectedly?",core/src/main/scala/kafka/server/DynamicBrokerConfig.scala,497,True,1,1.0,True,1,1,118
AST-KG+CrossEncoder(static-K),L064-Q3,v3,Can we investigate the impact of the invalid configurations on service performance and identify which properties specifically need correction?,core/src/main/scala/kafka/server/DynamicBrokerConfig.scala,497,True,1,1.0,True,1,1,31
AST-KG+CrossEncoder(static-K),L065-Q1,v3,The application is experiencing message delivery failures due to a partition issue.,core/src/main/scala/kafka/server/AbstractFetcherThread.scala,501,True,1,1.0,True,1,1,208
AST-KG+CrossEncoder(static-K),L065-Q2,v3,We've noticed that the messages aren't being processed as expected; could it be related to a specific partition failure?,core/src/main/scala/kafka/server/AbstractFetcherThread.scala,501,True,3,0.3333333333333333,True,3,3,229
AST-KG+CrossEncoder(static-K),L065-Q3,v3,Can we investigate the impact on the system's performance after a partition was marked as failed?,core/src/main/scala/kafka/server/AbstractFetcherThread.scala,501,True,1,1.0,True,1,1,315
AST-KG+CrossEncoder(static-K),L066-Q1,v3,"The broker is exhibiting an unexpected state, leading to potential disruptions in message processing.",core/src/main/scala/kafka/server/BrokerLifecycleManager.scala,550,True,1,1.0,True,1,1,144
AST-KG+CrossEncoder(static-K),L066-Q2,v3,We noticed the Kafka broker seems to be acting up and isn't responding as expected. What's going on?,core/src/main/scala/kafka/server/BrokerLifecycleManager.scala,550,True,9,0.1111111111111111,True,1,9,115
AST-KG+CrossEncoder(static-K),L066-Q3,v3,Could the unexpected broker state be affecting our message throughput or availability?,core/src/main/scala/kafka/server/BrokerLifecycleManager.scala,550,True,1,1.0,True,1,1,269
AST-KG+CrossEncoder(static-K),L067-Q1,v3,"The system is experiencing unexpected behavior as the controller is not providing enough results, causing delays in processing.",core/src/main/scala/kafka/server/ConfigAdminManager.scala,368,True,2,0.5,True,10,2,148
AST-KG+CrossEncoder(static-K),L067-Q2,v3,"Hey, why does it seem like we're missing some data? The controller's output is lower than what we expected!",core/src/main/scala/kafka/server/ConfigAdminManager.scala,368,True,1,1.0,True,2,1,117
AST-KG+CrossEncoder(static-K),L067-Q3,v3,Could the reduced number of results from the controller indicate an underlying issue with data fetching or connectivity?,core/src/main/scala/kafka/server/ConfigAdminManager.scala,368,True,1,1.0,True,2,1,198
AST-KG+CrossEncoder(static-K),L068-Q1,v3,"The application is failing to install metadata publishers, leading to disruptions in service availability. Have there been any recent changes or updates that could have impacted this process?",core/src/main/scala/kafka/server/SharedServer.scala,347,True,1,1.0,True,1,1,54
AST-KG+CrossEncoder(static-K),L068-Q2,v3,"We can't seem to get the metadata publishers installed. Is anyone else experiencing this issue, or is it just me?",core/src/main/scala/kafka/server/SharedServer.scala,347,True,1,1.0,True,1,1,127
AST-KG+CrossEncoder(static-K),L068-Q3,v3,Investigate the installation failure of metadata publishers to determine if there are any underlying configuration issues or missing dependencies.,core/src/main/scala/kafka/server/SharedServer.scala,347,True,1,1.0,True,1,1,165
AST-KG+CrossEncoder(static-K),L069-Q1,v3,"The system encounters an exception during the processing of requests, causing interruptions in service.",core/src/main/scala/kafka/server/KafkaRequestHandler.scala,149,True,3,0.3333333333333333,True,3,3,231
AST-KG+CrossEncoder(static-K),L069-Q2,v3,We noticed that there's an error popping up every time a request gets handled; could this be related to our service stability?,core/src/main/scala/kafka/server/KafkaRequestHandler.scala,149,True,2,0.5,True,4,2,159
AST-KG+CrossEncoder(static-K),L069-Q3,v3,"What specific conditions trigger the exception during request handling, and how might this affect overall system performance?",core/src/main/scala/kafka/server/KafkaRequestHandler.scala,149,True,2,0.5,True,2,2,203
AST-KG+CrossEncoder(static-K),L070-Q1,v3,"The system is failing to communicate with the controller, causing heartbeats to be undeliverable for a specific node. What could be the root cause of this connectivity issue?",core/src/main/scala/kafka/server/BrokerLifecycleManager.scala,496,True,2,0.5,True,1,2,99
AST-KG+CrossEncoder(static-K),L070-Q2,v3,I'm noticing that one of our nodes seems to be having trouble keeping its heartbeat alive with the controller. Has anyone else experienced this?,core/src/main/scala/kafka/server/BrokerLifecycleManager.scala,496,True,1,1.0,True,1,1,210
AST-KG+CrossEncoder(static-K),L070-Q3,v3,What issues might arise if a node is unable to maintain its heartbeat with the controller in a Kafka cluster?,core/src/main/scala/kafka/server/BrokerLifecycleManager.scala,496,True,1,1.0,True,1,1,200
AST-KG+CrossEncoder(static-K),L071-Q1,v3,The broker with ID $nodeId seems to be failing to complete its registration process. What might be causing this issue?,core/src/main/scala/kafka/server/BrokerLifecycleManager.scala,421,True,4,0.25,True,3,4,58
AST-KG+CrossEncoder(static-K),L071-Q2,v3,"Hey, I noticed that the broker with ID $nodeId isn't showing up as registered. Any idea what's going on?",core/src/main/scala/kafka/server/BrokerLifecycleManager.scala,421,True,3,0.3333333333333333,True,1,3,54
AST-KG+CrossEncoder(static-K),L071-Q3,v3,Investigate why the broker identified as $nodeId cannot successfully register. Are there network or configuration issues at play?,core/src/main/scala/kafka/server/BrokerLifecycleManager.scala,421,True,5,0.2,True,1,5,84
AST-KG+CrossEncoder(static-K),L072-Q1,v3,"We've encountered an issue where the system is repeatedly detecting and loading stray logs from the specified directory, causing potential data inconsistencies.",core/src/main/scala/kafka/log/LogManager.scala,357,True,2,0.5,True,1,2,104
AST-KG+CrossEncoder(static-K),L072-Q2,v3,Is anyone else seeing unexpected stray logs being loaded from the log directory? It seems to be happening intermittently.,core/src/main/scala/kafka/log/LogManager.scala,357,True,1,1.0,True,1,1,70
AST-KG+CrossEncoder(static-K),L072-Q3,v3,Could you investigate why stray logs are being loaded from the specified directory? This might be impacting our log processing pipeline.,core/src/main/scala/kafka/log/LogManager.scala,357,True,1,1.0,True,1,1,59
AST-KG+CrossEncoder(static-K),L073-Q1,v3,"The system is failing to identify the specified persister, resulting in data not being saved as expected. What configurations were modified recently?",core/src/main/scala/kafka/server/BrokerServer.scala,729,True,1,1.0,True,1,1,98
AST-KG+CrossEncoder(static-K),L073-Q2,v3,"Hey, has anyone noticed that the application isn’t storing data? It seems like there’s an issue with the persister setup.",core/src/main/scala/kafka/server/BrokerServer.scala,729,True,1,1.0,True,1,1,228
AST-KG+CrossEncoder(static-K),L073-Q3,v3,Can we determine if the persister factory settings were altered? This might lead us to the root cause of the data persistence problem.,core/src/main/scala/kafka/server/BrokerServer.scala,729,True,1,1.0,True,1,1,177
AST-KG+CrossEncoder(static-K),L074-Q1,v3,"The application fails to process registration responses, leading to user sign-up issues. What API versions are currently supported?",core/src/main/scala/kafka/server/ControllerRegistrationManager.scala,246,True,1,1.0,True,1,1,109
AST-KG+CrossEncoder(static-K),L074-Q2,v3,Users are getting stuck during registration because the application doesn't recognize the API version. What could be causing this?,core/src/main/scala/kafka/server/ControllerRegistrationManager.scala,246,True,1,1.0,True,1,1,134
AST-KG+CrossEncoder(static-K),L074-Q3,v3,Investigate why the registration handler may be rejecting responses due to unsupported API version. Is the server up-to-date with the latest specifications?,core/src/main/scala/kafka/server/ControllerRegistrationManager.scala,246,True,1,1.0,True,1,1,119
AST-KG+CrossEncoder(static-K),L075-Q1,v3,"Why did the system reset the fetch offset for the specified partition, and what impact could this have on data processing?",core/src/main/scala/kafka/server/AbstractFetcherThread.scala,677,True,2,0.5,True,1,2,97
AST-KG+CrossEncoder(static-K),L075-Q2,v3,"Hey, why's our consumer suddenly acting weird? I think the offset just reset for one of the partitions.",core/src/main/scala/kafka/server/AbstractFetcherThread.scala,677,True,10,0.1,True,20,10,158
AST-KG+CrossEncoder(static-K),L075-Q3,v3,"Can we investigate the conditions that led to the fetch offset reset for the partition, and whether this is affecting message consumption?",core/src/main/scala/kafka/server/AbstractFetcherThread.scala,677,True,4,0.25,True,1,4,102
AST-KG+CrossEncoder(static-K),L076-Q1,v3,"The cluster seems to be rejecting partition alteration requests, potentially affecting topic management. What might be causing this behavior?",metadata/src/main/java/org/apache/kafka/controller/ReplicationControlManager.java,1300,True,11,0.09090909090909091,True,1,11,109
AST-KG+CrossEncoder(static-K),L076-Q2,v3,"Hey, has anyone else noticed that we're unable to change partitions for some topics? It's been pretty frustrating.",metadata/src/main/java/org/apache/kafka/controller/ReplicationControlManager.java,1300,False,87,0.0,True,87,87,227
AST-KG+CrossEncoder(static-K),L076-Q3,v3,Could there be a network issue or misconfiguration with the nodes that is preventing AlterPartition requests from being processed?,metadata/src/main/java/org/apache/kafka/controller/ReplicationControlManager.java,1300,True,10,0.1,True,1,10,64
AST-KG+CrossEncoder(static-K),L077-Q1,v3,User reports an unexpected server error when attempting to modify configuration settings.,metadata/src/main/java/org/apache/kafka/controller/ConfigurationControlManager.java,374,True,1,1.0,True,1,1,140
AST-KG+CrossEncoder(static-K),L077-Q2,v3,"The application crashes intermittently when users try to alter server configurations, leading to disruptions.",metadata/src/main/java/org/apache/kafka/controller/ConfigurationControlManager.java,374,True,1,1.0,True,1,1,82
AST-KG+CrossEncoder(static-K),L077-Q3,v3,What could be causing the failure in validation during the configuration alteration process?,metadata/src/main/java/org/apache/kafka/controller/ConfigurationControlManager.java,374,True,2,0.5,True,1,2,74
AST-KG+CrossEncoder(static-K),L078-Q1,v3,"The system is failing to create new topics, resulting in a critical error message.",metadata/src/main/java/org/apache/kafka/controller/ReplicationControlManager.java,878,True,15,0.06666666666666667,True,3,15,97
AST-KG+CrossEncoder(static-K),L078-Q2,v3,"Hey, has anyone else noticed that we can't create topics right now? Something's definitely up.",metadata/src/main/java/org/apache/kafka/controller/ReplicationControlManager.java,878,True,20,0.05,True,1,20,97
AST-KG+CrossEncoder(static-K),L078-Q3,v3,What steps can we take to identify the root cause of the server error occurring during topic creation?,metadata/src/main/java/org/apache/kafka/controller/ReplicationControlManager.java,878,True,1,1.0,True,1,1,85
AST-KG+CrossEncoder(static-K),L079-Q1,v3,The application is frequently experiencing issues where it can't process messages due to an unknown partition imbalance. What could be causing this downtime?,metadata/src/main/java/org/apache/kafka/controller/ReplicationControlManager.java,1744,True,1,1.0,True,1,1,215
AST-KG+CrossEncoder(static-K),L079-Q2,v3,It seems like we're missing messages lately because something is off with partition handling. Any ideas on what might be happening?,metadata/src/main/java/org/apache/kafka/controller/ReplicationControlManager.java,1744,True,9,0.1111111111111111,True,9,9,217
AST-KG+CrossEncoder(static-K),L079-Q3,v3,We should investigate why the system is skipping over certain partitions that it can't recognize as imbalanced. What diagnostic steps should we take?,metadata/src/main/java/org/apache/kafka/controller/ReplicationControlManager.java,1744,True,1,1.0,True,1,1,327
AST-KG+CrossEncoder(static-K),L080-Q1,v3,"We've encountered an issue where the AlterPartition request is being denied from a specific node, affecting the partition reassignment process.",metadata/src/main/java/org/apache/kafka/controller/ReplicationControlManager.java,1292,True,9,0.1111111111111111,True,2,9,64
AST-KG+CrossEncoder(static-K),L080-Q2,v3,It looks like there's a problem with one of the nodes rejecting partition alterations; could this impact our data distribution?,metadata/src/main/java/org/apache/kafka/controller/ReplicationControlManager.java,1292,True,9,0.1111111111111111,True,1,9,64
AST-KG+CrossEncoder(static-K),L080-Q3,v3,Can we investigate why the AlterPartition requests are being rejected by node {} for the topic-partition pair {}-{}?,metadata/src/main/java/org/apache/kafka/controller/ReplicationControlManager.java,1292,True,9,0.1111111111111111,True,2,9,114
AST-KG+CrossEncoder(static-K),L082-Q1,v3,"We've noticed a situation where the in-sync replica set is overlapping with the end log position, which might lead to data inconsistencies. What could be the root cause?",metadata/src/main/java/org/apache/kafka/controller/ReplicationControlManager.java,2411,True,1,1.0,True,1,1,227
AST-KG+CrossEncoder(static-K),L082-Q2,v3,"Hey team, it seems like our ISR is larger than our ELR, and I'm worried this might affect our data flow. Any ideas on what’s going on?",metadata/src/main/java/org/apache/kafka/controller/ReplicationControlManager.java,2411,True,1,1.0,True,1,1,216
AST-KG+CrossEncoder(static-K),L082-Q3,v3,Could the overlapping ISR and ELR indicate an issue with our replica synchronization process? What checks should we perform to diagnose this further?,metadata/src/main/java/org/apache/kafka/controller/ReplicationControlManager.java,2411,True,1,1.0,True,1,1,258
AST-KG+CrossEncoder(static-K),L083-Q1,v3,The system seems to be skipping messages due to an unrecognized imbalanced topic. What could be causing this issue?,metadata/src/main/java/org/apache/kafka/controller/ReplicationControlManager.java,1738,True,1,1.0,True,1,1,209
AST-KG+CrossEncoder(static-K),L083-Q2,v3,I've noticed that some messages aren't being processed because of a weird topic imbalance. What should we check?,metadata/src/main/java/org/apache/kafka/controller/ReplicationControlManager.java,1738,True,1,1.0,True,1,1,265
AST-KG+CrossEncoder(static-K),L083-Q3,v3,Can we diagnose why the Kafka consumer is not handling the imbalanced topic effectively?,metadata/src/main/java/org/apache/kafka/controller/ReplicationControlManager.java,1738,True,9,0.1111111111111111,True,1,9,157
AST-KG+CrossEncoder(static-K),L085-Q1,v3,A broker has marked several directories offline; could this lead to data unavailability for consumers?,metadata/src/main/java/org/apache/kafka/controller/ReplicationControlManager.java,1498,True,1,1.0,True,1,1,330
AST-KG+CrossEncoder(static-K),L085-Q2,v3,"Hey, I noticed that some directories are offline on one of our brokers—has anyone checked the impact on message processing?",metadata/src/main/java/org/apache/kafka/controller/ReplicationControlManager.java,1498,True,1,1.0,True,1,1,228
AST-KG+CrossEncoder(static-K),L085-Q3,v3,Can we investigate the broker's directory status to determine if the offline directories are affecting our replication or load balancing?,metadata/src/main/java/org/apache/kafka/controller/ReplicationControlManager.java,1498,True,1,1.0,True,1,1,208
AST-KG+CrossEncoder(static-K),L086-Q1,v3,We're encountering an issue where attempts to delete certain topics result in an unexpected error. Has anyone identified the root cause?,metadata/src/main/java/org/apache/kafka/controller/ReplicationControlManager.java,995,True,2,0.5,True,1,2,194
AST-KG+CrossEncoder(static-K),L086-Q2,v3,Does anyone know why we're suddenly unable to delete topics? It seems like there's an error popping up every time we try.,metadata/src/main/java/org/apache/kafka/controller/ReplicationControlManager.java,995,True,1,1.0,True,1,1,155
AST-KG+CrossEncoder(static-K),L086-Q3,v3,Could this unexpected deleteTopics error be linked to permission settings or current broker configurations?,metadata/src/main/java/org/apache/kafka/controller/ReplicationControlManager.java,995,True,1,1.0,True,1,1,165
AST-KG+CrossEncoder(static-K),L087-Q1,v3,"The system is failing to initiate a leader election for a partition that appears to be offline, causing potential data availability issues.",metadata/src/main/java/org/apache/kafka/controller/ReplicationControlManager.java,1799,True,1,1.0,True,1,1,291
AST-KG+CrossEncoder(static-K),L087-Q2,v3,Why can't we get a leader for that partition? It seems like it's stuck in an offline state.,metadata/src/main/java/org/apache/kafka/controller/ReplicationControlManager.java,1799,True,2,0.5,True,2,2,289
AST-KG+CrossEncoder(static-K),L087-Q3,v3,"Investigate the root cause of the offline partition, as it is preventing an unclean leader election from occurring.",metadata/src/main/java/org/apache/kafka/controller/ReplicationControlManager.java,1799,True,3,0.3333333333333333,True,3,3,235
AST-KG+CrossEncoder(static-K),L088-Q1,v3,"We're experiencing issues with adding new partitions, as it seems the createPartitions request is failing unexpectedly.",metadata/src/main/java/org/apache/kafka/controller/ReplicationControlManager.java,1823,True,1,1.0,True,1,1,157
AST-KG+CrossEncoder(static-K),L088-Q2,v3,Has anyone else noticed problems when trying to increase the number of partitions for a topic lately?,metadata/src/main/java/org/apache/kafka/controller/ReplicationControlManager.java,1823,True,14,0.07142857142857142,True,14,14,245
AST-KG+CrossEncoder(static-K),L088-Q3,v3,Could the failed createPartitions operation indicate a misconfiguration or resource issue in our Kafka setup?,metadata/src/main/java/org/apache/kafka/controller/ReplicationControlManager.java,1823,True,1,1.0,True,1,1,261
AST-KG+CrossEncoder(static-K),L089-Q1,v3,"The system is experiencing delays in processing broker heartbeats, leading to potential inconsistencies in cluster state.",metadata/src/main/java/org/apache/kafka/controller/ReplicationControlManager.java,1660,True,5,0.2,True,1,5,103
AST-KG+CrossEncoder(static-K),L089-Q2,v3,"Hey, it seems like our Kafka controller is getting overwhelmed; the heartbeat checks are taking too long to respond.",metadata/src/main/java/org/apache/kafka/controller/ReplicationControlManager.java,1660,True,1,1.0,True,1,1,128
AST-KG+CrossEncoder(static-K),L089-Q3,v3,Could the recent overload in the event queue be causing connection issues with our brokers?,metadata/src/main/java/org/apache/kafka/controller/ReplicationControlManager.java,1660,True,1,1.0,True,1,1,149
AST-KG+CrossEncoder(static-K),L090-Q1,v3,"A broker is attempting to assign replicas, but it seems there are partitions that have not yet been assigned. What's going on?",metadata/src/main/java/org/apache/kafka/controller/ReplicationControlManager.java,2285,True,1,1.0,True,1,1,219
AST-KG+CrossEncoder(static-K),L090-Q2,v3,"Hey team, has anyone noticed issues with replica assignments for certain partitions? They don’t seem to be getting assigned properly.",metadata/src/main/java/org/apache/kafka/controller/ReplicationControlManager.java,2285,True,2,0.5,True,2,2,262
AST-KG+CrossEncoder(static-K),L090-Q3,v3,Investigate why the assignment request is being made for a partition that has no existing assignments.,metadata/src/main/java/org/apache/kafka/controller/ReplicationControlManager.java,2285,True,2,0.5,True,2,2,227
AST-KG+CrossEncoder(static-K),L091-Q1,v3,The system appears to be consistently reporting leadership status for the same epoch; could this indicate a failure in leader election processes?,metadata/src/main/java/org/apache/kafka/controller/QuorumController.java,1067,True,1,1.0,True,1,1,215
AST-KG+CrossEncoder(static-K),L091-Q2,v3,"Hey, why does it seem like we're stuck in the same leader epoch forever?",metadata/src/main/java/org/apache/kafka/controller/QuorumController.java,1067,True,1,1.0,True,1,1,171
AST-KG+CrossEncoder(static-K),L091-Q3,v3,Can we check if there are any underlying issues affecting the leader's ability to transition between epochs?,metadata/src/main/java/org/apache/kafka/controller/QuorumController.java,1067,True,1,1.0,True,7,1,170
AST-KG+CrossEncoder(static-K),L092-Q1,v3,"The application is failing to process messages, resulting in significant delays in data delivery.",metadata/src/main/java/org/apache/kafka/controller/EventPerformanceMonitor.java,142,False,,0.0,False,,,299
AST-KG+CrossEncoder(static-K),L092-Q2,v3,"Hey, why are we seeing a lot of consumers lagging behind on message processing lately?",metadata/src/main/java/org/apache/kafka/controller/EventPerformanceMonitor.java,142,False,,0.0,False,,,193
AST-KG+CrossEncoder(static-K),L092-Q3,v3,Could you investigate if there are any issues with the message offset commits or consumer group states?,metadata/src/main/java/org/apache/kafka/controller/EventPerformanceMonitor.java,142,False,,0.0,False,,,74
AST-KG+CrossEncoder(static-K),L093-Q1,v3,The system appears to be experiencing a rollback in metadata versioning; could this impact data consistency?,metadata/src/main/java/org/apache/kafka/controller/FeatureControlManager.java,403,True,2,0.5,True,1,2,135
AST-KG+CrossEncoder(static-K),L093-Q2,v3,"Hey, I've noticed that our metadata version has dropped unexpectedly. Any idea what might be going on?",metadata/src/main/java/org/apache/kafka/controller/FeatureControlManager.java,403,True,1,1.0,True,1,1,108
AST-KG+CrossEncoder(static-K),L093-Q3,v3,Is there a correlation between the downgrade in metadata.version and any recent operational changes or performance issues?,metadata/src/main/java/org/apache/kafka/controller/FeatureControlManager.java,403,True,1,1.0,True,1,1,116
AST-KG+CrossEncoder(static-K),L094-Q1,v3,"The broker is attempting to assign replicas, but it is unable to find the specified topic ID in the system. What could be causing this issue?",metadata/src/main/java/org/apache/kafka/controller/ReplicationControlManager.java,2271,True,1,1.0,True,1,1,297
AST-KG+CrossEncoder(static-K),L094-Q2,v3,"Hey team, has anyone else noticed that the broker can't find the topic ID when trying to assign replicas? This might be messing with our data flow.",metadata/src/main/java/org/apache/kafka/controller/ReplicationControlManager.java,2271,True,1,1.0,True,1,1,305
AST-KG+CrossEncoder(static-K),L094-Q3,v3,Investigate whether the topic ID mentioned in the allocation request is valid and properly configured in the system's metadata.,metadata/src/main/java/org/apache/kafka/controller/ReplicationControlManager.java,2271,True,5,0.2,True,5,5,236
AST-KG+CrossEncoder(static-K),L095-Q1,v3,"The broker appears to be encountering an issue where it's referencing a partition that it doesn't recognize, leading to potential data replication failures.",metadata/src/main/java/org/apache/kafka/controller/ReplicationControlManager.java,2282,True,1,1.0,True,1,1,199
AST-KG+CrossEncoder(static-K),L095-Q2,v3,"Hey, has anyone noticed that the broker is trying to assign replicas to partitions that don't seem to exist? This could really mess with our data flow.",metadata/src/main/java/org/apache/kafka/controller/ReplicationControlManager.java,2282,True,1,1.0,True,1,1,286
AST-KG+CrossEncoder(static-K),L095-Q3,v3,"We should investigate why the broker is receiving requests for unknown partitions, as this may indicate a configuration issue or a synchronization problem in the cluster.",metadata/src/main/java/org/apache/kafka/controller/ReplicationControlManager.java,2282,True,2,0.5,True,2,2,207
AST-KG+CrossEncoder(static-K),L096-Q1,v3,The Kafka cluster experienced unexpected leader elections; could this impact message delivery and processing?,metadata/src/main/java/org/apache/kafka/controller/QuorumController.java,1071,False,,0.0,False,,,284
AST-KG+CrossEncoder(static-K),L096-Q2,v3,I've noticed that the brokers are switching leaders more often than usual; is this causing any downtime?,metadata/src/main/java/org/apache/kafka/controller/QuorumController.java,1071,True,4,0.25,True,4,4,259
AST-KG+CrossEncoder(static-K),L096-Q3,v3,Can we investigate the reasons behind the leadership changes in the Kafka cluster to ensure stability?,metadata/src/main/java/org/apache/kafka/controller/QuorumController.java,1071,True,2,0.5,True,2,2,261
AST-KG+CrossEncoder(static-K),L097-Q1,v3,"The Kafka delete-logs thread is unable to schedule the next deletion, leading to potential build-up of obsolete log data. What impact is this having on system performance?",core/src/main/scala/kafka/log/LogManager.scala,1167,True,1,1.0,True,1,1,122
AST-KG+CrossEncoder(static-K),L097-Q2,v3,I've noticed that old log files are piling up in Kafka. Is there a reason why the delete-logs thread isn't working like it should?,core/src/main/scala/kafka/log/LogManager.scala,1167,True,1,1.0,True,1,1,111
AST-KG+CrossEncoder(static-K),L097-Q3,v3,Could the failure to schedule the next delete in the kafka-delete-logs thread be causing delays in log retention and management?,core/src/main/scala/kafka/log/LogManager.scala,1167,True,1,1.0,True,1,1,127
AST-KG+CrossEncoder(static-K),L098-Q1,v3,"The system is unable to retrieve data efficiently, indicating a possible configuration issue with the maximum fetch size.",core/src/main/scala/kafka/server/ReplicaManager.scala,1871,True,1,1.0,True,1,1,209
AST-KG+CrossEncoder(static-K),L098-Q2,v3,"Hey, I've noticed that we're having problems fetching data lately—could this be related to the max size settings?",core/src/main/scala/kafka/server/ReplicaManager.scala,1871,True,1,1.0,True,1,1,222
AST-KG+CrossEncoder(static-K),L098-Q3,v3,Could this error signify that the fetch source is receiving inadequate data due to a misconfigured maximum byte limit?,core/src/main/scala/kafka/server/ReplicaManager.scala,1871,True,1,1.0,True,1,1,174
AST-KG+CrossEncoder(static-K),L099-Q1,v3,"The system is unable to recognize the defined configuration, resulting in failures during process initialization. What could be causing this issue?",core/src/main/scala/kafka/server/KafkaConfig.scala,554,True,1,1.0,True,2,1,119
AST-KG+CrossEncoder(static-K),L099-Q2,v3,"Hey, I noticed that the application isn’t starting correctly. It keeps mentioning something about the configuration settings. Any ideas on what’s going wrong?",core/src/main/scala/kafka/server/KafkaConfig.scala,554,True,10,0.1,True,8,10,160
AST-KG+CrossEncoder(static-K),L099-Q3,v3,Investigate whether the configuration name is properly assigned and check if there are missing roles that may hinder process execution.,core/src/main/scala/kafka/server/KafkaConfig.scala,554,True,1,1.0,True,1,1,190
AST-KG+CrossEncoder(static-K),L100-Q1,v3,Is there a scenario where the system is trying to reset a partition status despite having no active requests?,core/src/main/scala/kafka/server/AlterPartitionManager.scala,144,True,1,1.0,True,1,1,335
AST-KG+CrossEncoder(static-K),L100-Q2,v3,Why is the application trying to clear a flag for a partition that seems to be idle?,core/src/main/scala/kafka/server/AlterPartitionManager.scala,144,True,1,1.0,True,1,1,334
AST-KG+CrossEncoder(static-K),L100-Q3,v3,What could be causing an attempt to modify partition states when there are no ongoing processes?,core/src/main/scala/kafka/server/AlterPartitionManager.scala,144,True,1,1.0,True,1,1,234
AST-KG+CrossEncoder(static-K),KAFKA-19586-Q1,JIRA,Why was a KRaft broker fenced after missing heartbeats during a rolling restart?,metadata/src/main/java/org/apache/kafka/controller/ReplicationControlManager.java,1698,True,5,0.2,True,3,5,99
AST-KG+CrossEncoder(static-K),KAFKA-19586-Q2,JIRA,What Kafka log indicates a broker got fenced because its session timed out?,metadata/src/main/java/org/apache/kafka/controller/ReplicationControlManager.java,1698,True,1,1.0,True,1,1,252
AST-KG+CrossEncoder(static-K),KAFKA-19586-Q3,JIRA,Could a heartbeat timeout explain why the broker was fenced at its current epoch?,metadata/src/main/java/org/apache/kafka/controller/ReplicationControlManager.java,1698,True,1,1.0,True,1,1,221
AST-KG+CrossEncoder(static-K),KAFKA-9877-RM-Q1,JIRA,Why did Kafka stop serving replicas in a log directory after storage errors?,core/src/main/scala/kafka/server/ReplicaManager.scala,2172,True,1,1.0,True,2,1,160
AST-KG+CrossEncoder(static-K),KAFKA-9877-RM-Q2,JIRA,What log explains a broker taking replicas offline because a log directory failed?,core/src/main/scala/kafka/server/ReplicaManager.scala,2172,True,3,0.3333333333333333,True,6,3,160
AST-KG+CrossEncoder(static-K),KAFKA-9877-RM-Q3,JIRA,Could log directory failure be why the broker stopped serving replicas from that path?,core/src/main/scala/kafka/server/ReplicaManager.scala,2172,True,2,0.5,True,1,2,160
AST-KG+CrossEncoder(static-K),KAFKA-9877-AF-Q2,JIRA,What Kafka log indicates the broker removed fetchers for affected partitions?,core/src/main/scala/kafka/server/AbstractFetcherManager.scala,203,True,1,1.0,True,1,1,178
AST-KG+CrossEncoder(static-K),KAFKA-9877-LM-Q1,JIRA,Why did the broker shut down after every log directory failed?,core/src/main/scala/kafka/log/LogManager.scala,228,True,1,1.0,True,1,1,191
AST-KG+CrossEncoder(static-K),KAFKA-9877-LM-Q2,JIRA,What Kafka log indicates the broker is exiting because all log dirs are unusable?,core/src/main/scala/kafka/log/LogManager.scala,228,True,1,1.0,True,1,1,179
AST-KG+CrossEncoder(static-K),KAFKA-9357-Q1,JIRA,Why are replica fetch requests being disconnected before the response is read?,clients/src/main/java/org/apache/kafka/clients/FetchSessionHandler.java,618,False,,0.0,True,20,50,188
AST-KG+CrossEncoder(static-K),KAFKA-9357-Q2,JIRA,What Kafka log explains repeated 'Error sending fetch request' messages between brokers?,clients/src/main/java/org/apache/kafka/clients/FetchSessionHandler.java,618,True,1,1.0,True,1,1,187
AST-KG+CrossEncoder(static-K),KAFKA-9357-Q3,JIRA,Could inter-broker communication failure be causing fetch requests to drop before a response is read?,clients/src/main/java/org/apache/kafka/clients/FetchSessionHandler.java,618,True,6,0.16666666666666666,True,6,6,236
AST-KG+CrossEncoder(static-K),KAFKA-8046-Q1,JIRA,Why did the broker shut down because every Kafka log directory was marked failed?,core/src/main/scala/kafka/log/LogManager.scala,228,True,1,1.0,True,1,1,194
AST-KG+CrossEncoder(static-K),KAFKA-8046-Q2,JIRA,Which Kafka log explains a broker exiting after all log dirs become unavailable?,core/src/main/scala/kafka/log/LogManager.scala,228,True,1,1.0,True,1,1,179
AST-KG+CrossEncoder(static-K),KAFKA-13960-Q1,JIRA,Why is Kafka refusing to start because all log directories are already considered failed?,core/src/main/scala/kafka/log/LogManager.scala,228,True,1,1.0,True,1,1,109
AST-KG+CrossEncoder(static-K),KAFKA-13960-Q2,JIRA,Which Kafka log explains a broker aborting startup because every log dir has failed?,core/src/main/scala/kafka/log/LogManager.scala,228,True,1,1.0,True,1,1,117
AST-KG+CrossEncoder(static-K),KAFKA-9016-Q3,JIRA,Could a log directory I/O failure explain why Kafka stopped serving replicas from that path?,core/src/main/scala/kafka/server/ReplicaManager.scala,2172,True,1,1.0,True,2,1,105
AST-KG+CrossEncoder(static-K),KAFKA-13317-Q1,JIRA,Why are brokers repeatedly logging that fetch requests to another broker were disconnected before a response was read?,clients/src/main/java/org/apache/kafka/clients/FetchSessionHandler.java,618,False,,0.0,True,11,50,167
AST-KG+CrossEncoder(static-K),KAFKA-13317-Q2,JIRA,What Kafka log explains inter-broker fetch traffic failing with 'connection disconnected before the response was read'?,clients/src/main/java/org/apache/kafka/clients/FetchSessionHandler.java,618,False,,0.0,True,4,34,200
AST-KG+CrossEncoder(static-K),KAFKA-13317-Q3,JIRA,Could broken broker-to-broker connectivity be the cause of repeated fetch request disconnects?,clients/src/main/java/org/apache/kafka/clients/FetchSessionHandler.java,618,False,,0.0,True,9,38,180
AST-KG+CrossEncoder(static-K),KAFKA-7802-Q2,JIRA,Which Kafka log explains replica fetchers losing the response path to another broker?,clients/src/main/java/org/apache/kafka/clients/FetchSessionHandler.java,618,False,,0.0,True,16,97,125
AST-KG+CrossEncoder+StagedConfidence,L001-Q1,v2,We've observed a sudden change in the partitions being used by our Kafka topic. Can anyone explain what triggered this adjustment?,metadata/src/main/java/org/apache/kafka/controller/ReplicationControlManager.java,2055,True,5,0.2,True,13,5,40
AST-KG+CrossEncoder+StagedConfidence,L001-Q2,v2,"Hey team, I've noticed that our topic's partitions are switching around unexpectedly. Is there something in the configuration we need to check?",metadata/src/main/java/org/apache/kafka/controller/ReplicationControlManager.java,2055,True,12,0.08333333333333333,True,14,12,40
AST-KG+CrossEncoder+StagedConfidence,L001-Q3,v2,Could the alteration in partition assignments for our Kafka messages be linked to recent scaling operations or configuration changes?,metadata/src/main/java/org/apache/kafka/controller/ReplicationControlManager.java,2055,True,4,0.25,True,17,4,40
AST-KG+CrossEncoder+StagedConfidence,L002-Q1,v2,We're encountering issues when trying to remove a replica from a specified topic partition. What might be causing this failure?,core/src/main/scala/kafka/server/ReplicaManager.scala,2392,True,2,0.5,True,2,2,40
AST-KG+CrossEncoder+StagedConfidence,L002-Q2,v2,"Hey, has anyone noticed that we can't seem to delete a replica from the topic partition? This is really slowing things down!",core/src/main/scala/kafka/server/ReplicaManager.scala,2392,True,2,0.5,True,2,2,40
AST-KG+CrossEncoder+StagedConfidence,L002-Q3,v2,Could the inability to delete the replica for the defined topic partition indicate a potential underlying configuration issue or resource limitation?,core/src/main/scala/kafka/server/ReplicaManager.scala,2392,True,2,0.5,True,2,2,40
AST-KG+CrossEncoder+StagedConfidence,L003-Q1,v2,"Why is the AlterPartition request from node X failing for topic Y-partition Z, and what impact is this having on message processing?",metadata/src/main/java/org/apache/kafka/controller/ReplicationControlManager.java,1266,True,2,0.5,True,11,2,40
AST-KG+CrossEncoder+StagedConfidence,L003-Q2,v2,I noticed that node X couldn't handle the AlterPartition request for topic Y-partition Z—could this be causing issues with data replication?,metadata/src/main/java/org/apache/kafka/controller/ReplicationControlManager.java,1266,True,2,0.5,True,14,2,40
AST-KG+CrossEncoder+StagedConfidence,L003-Q3,v2,"What could be the underlying reason for node X rejecting the AlterPartition request for topic Y-partition Z, and how can we troubleshoot this further?",metadata/src/main/java/org/apache/kafka/controller/ReplicationControlManager.java,1266,True,7,0.14285714285714285,True,12,7,40
AST-KG+CrossEncoder+StagedConfidence,L004-Q1,v2,"Why is Broker {} showing a controlled shutdown state, and what impact does this have on message processing?",metadata/src/main/java/org/apache/kafka/controller/BrokerHeartbeatManager.java,455,True,1,1.0,True,1,1,40
AST-KG+CrossEncoder+StagedConfidence,L004-Q2,v2,I noticed that Broker {} is shutting down but seems stuck—could this cause delays in message delivery?,metadata/src/main/java/org/apache/kafka/controller/BrokerHeartbeatManager.java,455,True,1,1.0,True,4,1,20
AST-KG+CrossEncoder+StagedConfidence,L004-Q3,v2,Can we investigate why Broker {} is in a controlled shutdown state and if it affects the cluster's availability?,metadata/src/main/java/org/apache/kafka/controller/BrokerHeartbeatManager.java,455,True,1,1.0,True,1,1,40
AST-KG+CrossEncoder+StagedConfidence,L005-Q1,v2,We're encountering issues with message appending; can we investigate the behavior of the $topicIdPartition partition during this operation?,core/src/main/scala/kafka/server/ReplicaManager.scala,1407,True,2,0.5,True,1,2,40
AST-KG+CrossEncoder+StagedConfidence,L005-Q2,v2,"Hey team, it looks like we have a problem with adding messages to one of our partitions. What's going on with $topicIdPartition?",core/src/main/scala/kafka/server/ReplicaManager.scala,1407,True,2,0.5,True,1,2,40
AST-KG+CrossEncoder+StagedConfidence,L005-Q3,v2,"Could there be a malfunction affecting the append functionality on the $topicIdPartition, and how could we confirm the root cause?",core/src/main/scala/kafka/server/ReplicaManager.scala,1407,True,2,0.5,True,1,2,40
AST-KG+CrossEncoder+StagedConfidence,L006-Q1,v2,"Why is the ISR for one of our partitions currently empty, and what impact might this have on message delivery?",metadata/src/main/java/org/apache/kafka/controller/PartitionChangeBuilder.java,450,True,1,1.0,True,1,1,20
AST-KG+CrossEncoder+StagedConfidence,L006-Q2,v2,"Hey team, I've noticed that one of our partitions isn't having any in-sync replicas. Could this be affecting our data availability?",metadata/src/main/java/org/apache/kafka/controller/PartitionChangeBuilder.java,450,False,,0.0,False,,,40
AST-KG+CrossEncoder+StagedConfidence,L006-Q3,v2,Can we diagnose why the ISR is empty for this partition and what changes occurred leading up to this situation?,metadata/src/main/java/org/apache/kafka/controller/PartitionChangeBuilder.java,450,True,1,1.0,True,1,1,20
AST-KG+CrossEncoder+StagedConfidence,L007-Q1,v2,Is there a broker registration failure occurring due to a mismatch in API versions?,core/src/main/scala/kafka/server/BrokerLifecycleManager.scala,417,True,1,1.0,True,1,1,20
AST-KG+CrossEncoder+StagedConfidence,L007-Q2,v2,"Hey, is anyone else noticing issues with a broker not being able to register? Sounds like there might be a version conflict.",core/src/main/scala/kafka/server/BrokerLifecycleManager.scala,417,True,1,1.0,True,1,1,40
AST-KG+CrossEncoder+StagedConfidence,L007-Q3,v2,Could the inability to register broker $nodeId indicate that the required API version is not supported by the current setup?,core/src/main/scala/kafka/server/BrokerLifecycleManager.scala,417,True,1,1.0,True,1,1,40
AST-KG+CrossEncoder+StagedConfidence,L008-Q1,v2,We're encountering an issue where a message indicates an inconsistency in the topic ID for partition $topicPartition; can anyone confirm if there have been recent changes to the topic configuration?,core/src/main/scala/kafka/server/AbstractFetcherThread.scala,456,True,1,1.0,True,3,1,40
AST-KG+CrossEncoder+StagedConfidence,L008-Q2,v2,Has anyone noticed any odd behaviors related to the topic ID for partition $topicPartition? It seems like the leader is sending us conflicting information.,core/src/main/scala/kafka/server/AbstractFetcherThread.scala,456,True,1,1.0,True,1,1,40
AST-KG+CrossEncoder+StagedConfidence,L008-Q3,v2,"Can we investigate the status of partition $topicPartition? It appears that we're receiving inconsistent topic ID errors from the leader, which might affect data consistency.",core/src/main/scala/kafka/server/AbstractFetcherThread.scala,456,True,1,1.0,True,1,1,40
AST-KG+CrossEncoder+StagedConfidence,L009-Q1,v2,"Why is the periodic task failing to execute as scheduled, and what implications does its unregistration have on system performance?",metadata/src/main/java/org/apache/kafka/controller/PeriodicTaskControlManager.java,178,True,2,0.5,True,1,2,40
AST-KG+CrossEncoder+StagedConfidence,L009-Q2,v2,"Hey, I noticed that a scheduled task has been unregistered. Could this be causing some delays in processing?",metadata/src/main/java/org/apache/kafka/controller/PeriodicTaskControlManager.java,178,True,3,0.3333333333333333,True,1,3,20
AST-KG+CrossEncoder+StagedConfidence,L009-Q3,v2,Could the unregistration of this periodic task be related to recent configuration changes or resource constraints?,metadata/src/main/java/org/apache/kafka/controller/PeriodicTaskControlManager.java,178,True,2,0.5,True,1,2,40
AST-KG+CrossEncoder+StagedConfidence,L010-Q1,v2,We've noticed that the heartbeat signal is failing to send on time; could this be impacting the connection stability?,core/src/main/scala/kafka/server/BrokerLifecycleManager.scala,471,True,1,1.0,True,1,1,20
AST-KG+CrossEncoder+StagedConfidence,L010-Q2,v2,"Hey team, anyone else experiencing delays with the heartbeat? It seems like messages aren't getting through as expected.",core/src/main/scala/kafka/server/BrokerLifecycleManager.scala,471,True,2,0.5,True,1,2,20
AST-KG+CrossEncoder+StagedConfidence,L010-Q3,v2,Can we investigate whether the recent RPC timeout is causing issues with heartbeat transmissions and leading to downstream problems?,core/src/main/scala/kafka/server/BrokerLifecycleManager.scala,471,True,1,1.0,True,1,1,20
AST-KG+CrossEncoder+StagedConfidence,L011-Q1,v2,"The system experienced delays, taking %d milliseconds to delete records from the local log. What factors may be contributing to this latency?",core/src/main/scala/kafka/server/ReplicaManager.scala,1317,True,1,1.0,True,1,1,20
AST-KG+CrossEncoder+StagedConfidence,L011-Q2,v2,"Hey team, I've noticed that deleting records from the local log is taking way longer than usual—around %d ms! Any ideas on what's going on?",core/src/main/scala/kafka/server/ReplicaManager.scala,1317,True,1,1.0,True,1,1,20
AST-KG+CrossEncoder+StagedConfidence,L011-Q3,v2,"We need to investigate the performance hit observed during record deletions on the local log, which are now taking %d ms longer than expected. What metrics should we check to diagnose this issue?",core/src/main/scala/kafka/server/ReplicaManager.scala,1317,True,1,1.0,True,1,1,20
AST-KG+CrossEncoder+StagedConfidence,L012-Q1,v2,It seems that a broker in our Kafka cluster has unexpectedly fenced itself. What impact has this had on message processing and consumer behavior?,metadata/src/main/java/org/apache/kafka/controller/BrokerHeartbeatManager.java,408,True,1,1.0,True,10,1,40
AST-KG+CrossEncoder+StagedConfidence,L012-Q2,v2,"Hey team, we’ve noticed that one of our Kafka brokers is acting strange and has requested to be fenced. Has anyone else seen any dropped messages or delays in consumption from this broker?",metadata/src/main/java/org/apache/kafka/controller/BrokerHeartbeatManager.java,408,True,1,1.0,True,3,1,40
AST-KG+CrossEncoder+StagedConfidence,L012-Q3,v2,Could you investigate the implications of the recent fencing action taken by one of the brokers? Are there any potential issues with message availability or partition leadership we should be aware of?,metadata/src/main/java/org/apache/kafka/controller/BrokerHeartbeatManager.java,408,True,3,0.3333333333333333,True,5,3,40
AST-KG+CrossEncoder+StagedConfidence,L013-Q1,v2,We've noticed that the selector is not responding as expected. Can anyone explain why the processor with ID $id is closing?,core/src/main/scala/kafka/network/SocketServer.scala,931,True,1,1.0,True,1,1,40
AST-KG+CrossEncoder+StagedConfidence,L013-Q2,v2,It seems like the processor identified by $id is shutting down unexpectedly. Could this be affecting our message flow?,core/src/main/scala/kafka/network/SocketServer.scala,931,True,3,0.3333333333333333,True,3,3,40
AST-KG+CrossEncoder+StagedConfidence,L013-Q3,v2,Is there any ongoing maintenance that could be causing the processor $id to close its selector prematurely?,core/src/main/scala/kafka/network/SocketServer.scala,931,True,1,1.0,True,1,1,20
AST-KG+CrossEncoder+StagedConfidence,L014-Q1,v2,"Are you experiencing issues with data being sent to the specified connection, particularly with connection ID $connectionId?",core/src/main/scala/kafka/network/SocketServer.scala,994,True,2,0.5,True,2,2,40
AST-KG+CrossEncoder+StagedConfidence,L014-Q2,v2,"Noticed any delays in data being processed for connection $connectionId, especially after the server received a response?",core/src/main/scala/kafka/network/SocketServer.scala,994,True,1,1.0,True,1,1,20
AST-KG+CrossEncoder+StagedConfidence,L014-Q3,v2,Could there be a bottleneck in our socket server that's preventing timely data transmission for connection ID $connectionId?,core/src/main/scala/kafka/network/SocketServer.scala,994,True,2,0.5,True,1,2,40
AST-KG+CrossEncoder+StagedConfidence,L015-Q1,v2,"The system is failing to register a controller, indicating that the channel manager might not be initialized. What could be the cause of this initialization issue?",core/src/main/scala/kafka/server/ControllerRegistrationManager.scala,205,True,1,1.0,True,1,1,20
AST-KG+CrossEncoder+StagedConfidence,L015-Q2,v2,We're experiencing a hiccup where the controller can't get registered. Is there any reason the channel manager hasn't been set up yet?,core/src/main/scala/kafka/server/ControllerRegistrationManager.scala,205,True,1,1.0,True,1,1,20
AST-KG+CrossEncoder+StagedConfidence,L015-Q3,v2,It appears that the controller registration process is stalled due to an uninitialized channel manager. What steps can we take to diagnose and address this problem?,core/src/main/scala/kafka/server/ControllerRegistrationManager.scala,205,True,1,1.0,True,1,1,20
AST-KG+CrossEncoder+StagedConfidence,L016-Q1,v2,"The system is failing to process incoming requests, leading to unexpected interruptions in service. What could be causing this issue?",core/src/main/scala/kafka/server/ControllerApis.scala,153,True,4,0.25,True,2,4,40
AST-KG+CrossEncoder+StagedConfidence,L016-Q2,v2,"I'm noticing that requests are not being handled correctly, resulting in errors. What should we check first to resolve this?",core/src/main/scala/kafka/server/ControllerApis.scala,153,True,1,1.0,True,3,1,40
AST-KG+CrossEncoder+StagedConfidence,L016-Q3,v2,Could the handling failure of the incoming request be due to a configuration issue or resource limitation on the server?,core/src/main/scala/kafka/server/ControllerApis.scala,153,True,3,0.3333333333333333,True,2,3,40
AST-KG+CrossEncoder+StagedConfidence,L017-Q1,v2,"Why is the Kafka consumer unable to connect to the coordinator, and what impact is this having on message processing?",core/src/main/scala/kafka/server/KafkaApis.scala,1252,False,,0.0,False,,,40
AST-KG+CrossEncoder+StagedConfidence,L017-Q2,v2,Is anyone else experiencing issues with the Kafka topic where messages aren’t being acknowledged due to an invalid coordinator key?,core/src/main/scala/kafka/server/KafkaApis.scala,1252,True,1,1.0,True,1,1,40
AST-KG+CrossEncoder+StagedConfidence,L017-Q3,v2,"Could the invalid share coordinator key be causing delays in message delivery, and how can we pinpoint the root cause?",core/src/main/scala/kafka/server/KafkaApis.scala,1252,True,1,1.0,True,1,1,20
AST-KG+CrossEncoder+StagedConfidence,L018-Q1,v2,Why are the processors failing to initialize for the specified listener endpoint?,core/src/main/scala/kafka/network/SocketServer.scala,537,True,2,0.5,True,2,2,40
AST-KG+CrossEncoder+StagedConfidence,L018-Q2,v2,"Hey, is anyone else noticing that the listener seems to be stuck and not processing messages?",core/src/main/scala/kafka/network/SocketServer.scala,537,True,2,0.5,True,8,2,20
AST-KG+CrossEncoder+StagedConfidence,L018-Q3,v2,Can we confirm whether the listener endpoint is correctly starting its processors as expected?,core/src/main/scala/kafka/network/SocketServer.scala,537,True,1,1.0,True,1,1,20
AST-KG+CrossEncoder+StagedConfidence,L019-Q1,v2,"Why did we initiate a new fetch context, and what impact does it have on our partition data?",core/src/main/scala/kafka/server/FetchSession.scala,863,True,1,1.0,True,1,1,20
AST-KG+CrossEncoder+StagedConfidence,L019-Q2,v2,I noticed we created a new fetch context—could this affect our current stream performance?,core/src/main/scala/kafka/server/FetchSession.scala,863,True,1,1.0,True,3,1,40
AST-KG+CrossEncoder+StagedConfidence,L019-Q3,v2,Can we analyze the scenarios that trigger the creation of a full FetchContext and their implications on data retrieval?,core/src/main/scala/kafka/server/FetchSession.scala,863,True,1,1.0,True,1,1,20
AST-KG+CrossEncoder+StagedConfidence,L020-Q1,v2,"What could be causing the system to report difficulties in accessing the leader ID and Epoch, resulting in a reliance on the metadata cache?",core/src/main/scala/kafka/server/KafkaApis.scala,376,True,1,1.0,True,1,1,20
AST-KG+CrossEncoder+StagedConfidence,L020-Q2,v2,"Hey, why is it that I'm seeing issues with fetching the leader information? It seems like it's defaulting to some backup metadata.",core/src/main/scala/kafka/server/KafkaApis.scala,376,True,4,0.25,True,1,4,40
AST-KG+CrossEncoder+StagedConfidence,L020-Q3,v2,"Can we investigate why the Kafka broker is unable to get the local leader ID and Epoch, and what role this might play in our current data handling?",core/src/main/scala/kafka/server/KafkaApis.scala,376,True,1,1.0,True,1,1,20
AST-KG+CrossEncoder+StagedConfidence,L021-Q1,v2,We've noticed that a channel has been terminated due to it being inactive for too long. Could this be impacting our message processing?,core/src/main/scala/kafka/network/SocketServer.scala,1033,True,1,1.0,True,1,1,40
AST-KG+CrossEncoder+StagedConfidence,L021-Q2,v2,"Hey team, it seems like we're losing some connections due to inactivity. Is anyone else seeing issues with channels dropping unexpectedly?",core/src/main/scala/kafka/network/SocketServer.scala,1033,True,4,0.25,True,1,4,40
AST-KG+CrossEncoder+StagedConfidence,L021-Q3,v2,Can we investigate why channels are being disconnected for expiration? Are there specific patterns or timeframes in which this is occurring?,core/src/main/scala/kafka/network/SocketServer.scala,1033,True,1,1.0,True,1,1,20
AST-KG+CrossEncoder+StagedConfidence,L022-Q1,v2,"Why is the data being truncated and the fetch offset reset for the specified partition, and what impact does this have on message consumption?",core/src/main/scala/kafka/server/AbstractFetcherThread.scala,711,True,4,0.25,True,1,4,40
AST-KG+CrossEncoder+StagedConfidence,L022-Q2,v2,"Hey, I noticed that our messages for the topic are missing; could it be related to a fetch offset reset on one of the partitions?",core/src/main/scala/kafka/server/AbstractFetcherThread.scala,711,True,5,0.2,True,7,5,40
AST-KG+CrossEncoder+StagedConfidence,L022-Q3,v2,Could the recent truncation and reset of the fetch offset for this partition indicate a potential issue with data retention or replication?,core/src/main/scala/kafka/server/AbstractFetcherThread.scala,711,True,4,0.25,True,1,4,40
AST-KG+CrossEncoder+StagedConfidence,L023-Q1,v2,What problems are occurring with the communication between the offline log directory and the controllers?,core/src/main/scala/kafka/server/BrokerLifecycleManager.scala,332,True,1,1.0,True,1,1,20
AST-KG+CrossEncoder+StagedConfidence,L023-Q2,v2,"Hey, why is the system shutting down? Is it related to issues with the offline log directory?",core/src/main/scala/kafka/server/BrokerLifecycleManager.scala,332,True,1,1.0,True,1,1,20
AST-KG+CrossEncoder+StagedConfidence,L023-Q3,v2,Can you investigate whether the offline log directory is failing to communicate with the controllers and what impact that might have?,core/src/main/scala/kafka/server/BrokerLifecycleManager.scala,332,True,1,1.0,True,1,1,20
AST-KG+CrossEncoder+StagedConfidence,L024-Q1,v2,"Why is our application experiencing delays when trying to produce messages, possibly due to an unknown topic identifier from the leader?",core/src/main/scala/kafka/server/AbstractFetcherThread.scala,450,True,1,1.0,True,6,1,20
AST-KG+CrossEncoder+StagedConfidence,L024-Q2,v2,"Hey, why does it seem like we're getting errors about a topic not being recognized when we try to send data?",core/src/main/scala/kafka/server/AbstractFetcherThread.scala,450,False,,0.0,False,,,40
AST-KG+CrossEncoder+StagedConfidence,L024-Q3,v2,Could this issue with the partition be linked to a misconfiguration or a lack of topic registration in our Kafka setup?,core/src/main/scala/kafka/server/AbstractFetcherThread.scala,450,False,,0.0,False,,,40
AST-KG+CrossEncoder+StagedConfidence,L025-Q1,v2,We've encountered an issue where new wakeup requests are unable to be added to the queue because it appears to be full. How are we managing the callback processing in light of this?,core/src/main/scala/kafka/network/RequestChannel.scala,503,True,1,1.0,True,1,1,20
AST-KG+CrossEncoder+StagedConfidence,L025-Q2,v2,"Hey team, it looks like we're hitting a snag with our wakeup requests not being added to the queue because it's at capacity. What does this mean for our current callback operations?",core/src/main/scala/kafka/network/RequestChannel.scala,503,True,1,1.0,True,1,1,20
AST-KG+CrossEncoder+StagedConfidence,L025-Q3,v2,Can we investigate the implications of not being able to add new wakeup requests to the queue? It seems like we might need to optimize our queue handling to avoid processing delays.,core/src/main/scala/kafka/network/RequestChannel.scala,503,True,1,1.0,True,1,1,20
AST-KG+CrossEncoder+StagedConfidence,L026-Q1,v2,The application is failing to initiate data retrieval for the specified topic partition. How do we troubleshoot this issue?,core/src/main/scala/kafka/server/ReplicaManager.scala,2508,False,,0.0,False,,,40
AST-KG+CrossEncoder+StagedConfidence,L026-Q2,v2,It looks like we're running into a problem where the fetch process isn't starting for one of our topic partitions. What could be causing this?,core/src/main/scala/kafka/server/ReplicaManager.scala,2508,False,,0.0,False,,,40
AST-KG+CrossEncoder+StagedConfidence,L026-Q3,v2,What diagnostic steps can we take to identify why the fetching process for the specified topic partition isn't starting up correctly?,core/src/main/scala/kafka/server/ReplicaManager.scala,2508,False,,0.0,False,,,40
AST-KG+CrossEncoder+StagedConfidence,L027-Q1,v2,"We've initiated an auto-creation request for topics, but the controller isn't responding as expected. What could be causing this delay?",core/src/main/scala/kafka/server/AutoTopicCreationManager.scala,311,True,13,0.07692307692307693,True,4,13,40
AST-KG+CrossEncoder+StagedConfidence,L027-Q2,v2,"It seems like we're trying to auto-create some topics, but nothing is happening. Has anyone noticed this issue before?",core/src/main/scala/kafka/server/AutoTopicCreationManager.scala,311,True,17,0.058823529411764705,True,13,17,40
AST-KG+CrossEncoder+StagedConfidence,L027-Q3,v2,"The system successfully sent a request to create new topics, yet there's been no update from the controller. Could there be a connectivity issue?",core/src/main/scala/kafka/server/AutoTopicCreationManager.scala,311,True,1,1.0,True,1,1,20
AST-KG+CrossEncoder+StagedConfidence,L028-Q1,v2,"Why is there an extended delay in the log cleanup process, and how is it affecting message retention in Kafka?",core/src/main/scala/kafka/log/LogManager.scala,612,True,1,1.0,True,2,1,40
AST-KG+CrossEncoder+StagedConfidence,L028-Q2,v2,"Hey, has anyone noticed if the log cleanup is taking longer than usual? It seems like things are getting backed up.",core/src/main/scala/kafka/log/LogManager.scala,612,True,1,1.0,True,2,1,20
AST-KG+CrossEncoder+StagedConfidence,L028-Q3,v2,Can we investigate the implications of the log cleanup starting with such a lengthy period? Is it causing any performance degradation?,core/src/main/scala/kafka/log/LogManager.scala,612,True,1,1.0,True,1,1,20
AST-KG+CrossEncoder+StagedConfidence,L029-Q1,v2,We're experiencing issues with processing incoming envelope responses due to missing header information. Can we investigate why the necessary request headers are not being parsed?,core/src/main/scala/kafka/server/AutoTopicCreationManager.scala,275,True,2,0.5,True,2,2,40
AST-KG+CrossEncoder+StagedConfidence,L029-Q2,v2,"Hey team, it seems like our system is failing to read envelope responses properly. Is there a chance we could check what happened to the original request headers?",core/src/main/scala/kafka/server/AutoTopicCreationManager.scala,275,True,2,0.5,True,4,2,40
AST-KG+CrossEncoder+StagedConfidence,L029-Q3,v2,"Could we run a diagnostic to determine the root cause of the failure in parsing envelope responses, specifically focusing on the absence of the required request header information?",core/src/main/scala/kafka/server/AutoTopicCreationManager.scala,275,True,2,0.5,True,3,2,40
AST-KG+CrossEncoder+StagedConfidence,L030-Q1,v2,What steps can we take to address the abrupt shutdown of the request handler identified as $id on broker $brokerId?,core/src/main/scala/kafka/server/KafkaRequestHandler.scala,124,True,1,1.0,True,1,1,20
AST-KG+CrossEncoder+StagedConfidence,L030-Q2,v2,"Hey team, did anyone notice that the request handler $id on broker $brokerId just went down unexpectedly? What could have triggered that?",core/src/main/scala/kafka/server/KafkaRequestHandler.scala,124,True,1,1.0,True,1,1,20
AST-KG+CrossEncoder+StagedConfidence,L030-Q3,v2,Could the sudden shutdown command for request handler $id on broker $brokerId indicate a potential issue with resource management or server stability?,core/src/main/scala/kafka/server/KafkaRequestHandler.scala,124,True,1,1.0,True,1,1,20
AST-KG+CrossEncoder+StagedConfidence,L031-Q1,v2,"Why did the broker receive approval to unfence, and what impact is this having on message processing?",metadata/src/main/java/org/apache/kafka/controller/BrokerHeartbeatManager.java,413,True,1,1.0,True,1,1,40
AST-KG+CrossEncoder+StagedConfidence,L031-Q2,v2,"Hey team, did we just get a green light from the broker to unfence? What does that mean for our current operations?",metadata/src/main/java/org/apache/kafka/controller/BrokerHeartbeatManager.java,413,True,1,1.0,True,1,1,40
AST-KG+CrossEncoder+StagedConfidence,L031-Q3,v2,Could the granting of the unfence request from the broker indicate underlying issues with our current queue management?,metadata/src/main/java/org/apache/kafka/controller/BrokerHeartbeatManager.java,413,True,1,1.0,True,1,1,40
AST-KG+CrossEncoder+StagedConfidence,L032-Q1,v2,"The broker is unable to communicate with the controller, leading to issues with partition alterations. What are the possible configuration issues that could cause this?",core/src/main/scala/kafka/server/AlterPartitionManager.scala,247,True,1,1.0,True,1,1,20
AST-KG+CrossEncoder+StagedConfidence,L032-Q2,v2,Why is the broker being blocked from sending partition changes to the controller? Could this be a permissions problem?,core/src/main/scala/kafka/server/AlterPartitionManager.scala,247,True,1,1.0,True,1,1,20
AST-KG+CrossEncoder+StagedConfidence,L032-Q3,v2,We are encountering a situation where the broker lacks authorization to perform AlterPartition operations. Have there been any recent changes to the security settings or access controls?,core/src/main/scala/kafka/server/AlterPartitionManager.scala,247,True,1,1.0,True,1,1,20
AST-KG+CrossEncoder+StagedConfidence,L033-Q1,v2,We've observed that a connection was rejected because the maximum allowed connections from a specific IP address have been reached. Can we investigate the source and reason for this limit being hit?,core/src/main/scala/kafka/network/SocketServer.scala,691,True,1,1.0,True,1,1,20
AST-KG+CrossEncoder+StagedConfidence,L033-Q2,v2,Looks like we're hitting a connection cap from one IP address—any ideas on why this is happening?,core/src/main/scala/kafka/network/SocketServer.scala,691,True,2,0.5,True,1,2,40
AST-KG+CrossEncoder+StagedConfidence,L033-Q3,v2,Can we run a diagnostic on the connection limits? It appears that a client from ${e.ip} is unable to connect due to exceeding our maximum connection settings.,core/src/main/scala/kafka/network/SocketServer.scala,691,True,1,1.0,True,1,1,20
AST-KG+CrossEncoder+StagedConfidence,L034-Q1,v2,"Why are we seeing a transition of ${localFollowers.size} partitions, and how is it affecting message processing?",core/src/main/scala/kafka/server/ReplicaManager.scala,2465,True,1,1.0,True,1,1,20
AST-KG+CrossEncoder+StagedConfidence,L034-Q2,v2,"Hey, has anyone noticed that there are ${localFollowers.size} partitions moving around? Is this normal?",core/src/main/scala/kafka/server/ReplicaManager.scala,2465,True,1,1.0,True,1,1,40
AST-KG+CrossEncoder+StagedConfidence,L034-Q3,v2,Could the transition of ${localFollowers.size} partitions indicate a possible issue with our cluster's leader election process?,core/src/main/scala/kafka/server/ReplicaManager.scala,2465,True,1,1.0,True,1,1,20
AST-KG+CrossEncoder+StagedConfidence,L035-Q1,v2,"Why are we unable to delete the specified topics in Kafka, as it appears that the operation returned no results?",metadata/src/main/java/org/apache/kafka/controller/ReplicationControlManager.java,1014,True,5,0.2,True,1,5,40
AST-KG+CrossEncoder+StagedConfidence,L035-Q2,v2,"Hey team, has anyone else noticed that attempts to delete topics are coming back with no changes at all?",metadata/src/main/java/org/apache/kafka/controller/ReplicationControlManager.java,1014,True,2,0.5,True,1,2,40
AST-KG+CrossEncoder+StagedConfidence,L035-Q3,v2,Could this issue indicate a problem with the topic deletion permissions or configuration settings in our Kafka setup?,metadata/src/main/java/org/apache/kafka/controller/ReplicationControlManager.java,1014,True,6,0.16666666666666666,True,21,6,40
AST-KG+CrossEncoder+StagedConfidence,L036-Q1,v2,We've encountered an issue where messages cannot be consumed because the specified topic or partition appears to be unknown to the leader. What could be causing this?,core/src/main/scala/kafka/server/AbstractFetcherThread.scala,444,True,1,1.0,True,5,1,40
AST-KG+CrossEncoder+StagedConfidence,L036-Q2,v2,"Hey team, we're getting an unknown topic error when trying to access certain partitions. Has anyone else seen this or know what's going on?",core/src/main/scala/kafka/server/AbstractFetcherThread.scala,444,True,3,0.3333333333333333,True,10,3,40
AST-KG+CrossEncoder+StagedConfidence,L036-Q3,v2,Could the absence of the expected topic or partition from the leader's perspective indicate a potential configuration error or a problem with our topic registrations?,core/src/main/scala/kafka/server/AbstractFetcherThread.scala,444,True,1,1.0,True,8,1,40
AST-KG+CrossEncoder+StagedConfidence,L037-Q1,v2,We've observed an unexpected removal of a topic in our Kafka environment. Can we determine the implications of replaying a RemoveTopicRecord for this specific topic ID?,metadata/src/main/java/org/apache/kafka/controller/ReplicationControlManager.java,568,True,1,1.0,True,1,1,40
AST-KG+CrossEncoder+StagedConfidence,L037-Q2,v2,"Hey team, it looks like one of our Kafka topics has been removed, and I'm curious if anyone knows why this might have happened. What could trigger a replay of a RemoveTopicRecord?",metadata/src/main/java/org/apache/kafka/controller/ReplicationControlManager.java,568,True,1,1.0,True,1,1,20
AST-KG+CrossEncoder+StagedConfidence,L037-Q3,v2,"During our debugging process, we need to investigate how replaying a RemoveTopicRecord for this topic ID affects the overall system. Are there dependencies that might be impacted?",metadata/src/main/java/org/apache/kafka/controller/ReplicationControlManager.java,568,True,1,1.0,True,1,1,20
AST-KG+CrossEncoder+StagedConfidence,L038-Q1,v2,"Why is the periodic task not executing as expected, indicating that it may have been unregistered?",metadata/src/main/java/org/apache/kafka/controller/PeriodicTaskControlManager.java,175,True,1,1.0,True,1,1,40
AST-KG+CrossEncoder+StagedConfidence,L038-Q2,v2,"Hey, has anyone noticed that a scheduled task seems to be missing from our system?",metadata/src/main/java/org/apache/kafka/controller/PeriodicTaskControlManager.java,175,True,13,0.07692307692307693,True,11,13,20
AST-KG+CrossEncoder+StagedConfidence,L038-Q3,v2,Could the unexpected absence of the periodic task indicate an issue with our task registration process?,metadata/src/main/java/org/apache/kafka/controller/PeriodicTaskControlManager.java,175,True,1,1.0,True,3,1,20
AST-KG+CrossEncoder+StagedConfidence,L039-Q1,v2,We're encountering issues where specific configurations for broker $brokerId appear to be unresponsive. What might be causing this failure in configuration application?,core/src/main/scala/kafka/server/DynamicBrokerConfig.scala,394,True,1,1.0,True,1,1,20
AST-KG+CrossEncoder+StagedConfidence,L039-Q2,v2,"Hey team, it looks like the settings for broker $brokerId aren't taking effect as expected. Any ideas on what could be going wrong?",core/src/main/scala/kafka/server/DynamicBrokerConfig.scala,394,True,1,1.0,True,1,1,20
AST-KG+CrossEncoder+StagedConfidence,L039-Q3,v2,What diagnostic steps can we take to identify why the configurations for broker $brokerId are not being applied as intended?,core/src/main/scala/kafka/server/DynamicBrokerConfig.scala,394,True,1,1.0,True,1,1,20
AST-KG+CrossEncoder+StagedConfidence,L040-Q1,v2,"Why are we consistently noticing that there are no entries that can be evicted from the cache, and how might this affect overall system performance?",core/src/main/scala/kafka/server/FetchSession.scala,731,True,2,0.5,True,2,2,20
AST-KG+CrossEncoder+StagedConfidence,L040-Q2,v2,It seems like the cache is telling us there aren't any evictable entries. Is that a good thing or is something potentially broken here?,core/src/main/scala/kafka/server/FetchSession.scala,731,True,2,0.5,True,2,2,40
AST-KG+CrossEncoder+StagedConfidence,L040-Q3,v2,"Could the absence of evictable entries indicate an unusual behavior in cache utilization, and what steps should we take to investigate further?",core/src/main/scala/kafka/server/FetchSession.scala,731,True,2,0.5,True,1,2,40
AST-KG+CrossEncoder+StagedConfidence,L041-Q1,v2,Why is the incremental fetch for session ${session.id} taking longer than expected to return results?,core/src/main/scala/kafka/server/FetchSession.scala,550,True,3,0.3333333333333333,True,3,3,40
AST-KG+CrossEncoder+StagedConfidence,L041-Q2,v2,"Hey, has anyone noticed that the data from session ${session.id} isn't showing up as it should?",core/src/main/scala/kafka/server/FetchSession.scala,550,True,2,0.5,True,8,2,40
AST-KG+CrossEncoder+StagedConfidence,L041-Q3,v2,Could the delay in the incremental fetch context for session ${session.id} indicate an underlying issue with data consistency or availability?,core/src/main/scala/kafka/server/FetchSession.scala,550,True,2,0.5,True,2,2,40
AST-KG+CrossEncoder+StagedConfidence,L042-Q1,v2,"The application is failing to initiate the acceptor for the specified listener endpoint, causing connection issues.",core/src/main/scala/kafka/network/SocketServer.scala,548,True,1,1.0,True,1,1,40
AST-KG+CrossEncoder+StagedConfidence,L042-Q2,v2,"Hey, it seems like the service won't start properly because it can't set up the listener. What's going on?",core/src/main/scala/kafka/network/SocketServer.scala,548,True,2,0.5,True,1,2,40
AST-KG+CrossEncoder+StagedConfidence,L042-Q3,v2,Can we check why the acceptor for the configured listener endpoint isn't initializing? This might be blocking the service.,core/src/main/scala/kafka/network/SocketServer.scala,548,True,4,0.25,True,1,4,40
AST-KG+CrossEncoder+StagedConfidence,L043-Q1,v2,We're experiencing connection issues with the NetworkClient; can you detail if any errors were encountered during the disconnection process?,core/src/main/scala/kafka/server/NodeToControllerChannelManager.scala,313,True,1,1.0,True,1,1,40
AST-KG+CrossEncoder+StagedConfidence,L043-Q2,v2,"Hey team, has anyone noticed any weirdness when trying to disconnect from the NetworkClient? It feels like something’s off.",core/src/main/scala/kafka/server/NodeToControllerChannelManager.scala,313,True,1,1.0,True,1,1,20
AST-KG+CrossEncoder+StagedConfidence,L043-Q3,v2,"What potential causes could lead to errors while disconnecting from the NetworkClient, and how can we investigate further?",core/src/main/scala/kafka/server/NodeToControllerChannelManager.scala,313,True,1,1.0,True,1,1,20
AST-KG+CrossEncoder+StagedConfidence,L044-Q1,v2,"The system is unable to successfully apply the updated configuration for the broker, resulting in potential disruptions in message processing.",core/src/main/scala/kafka/server/DynamicBrokerConfig.scala,584,True,1,1.0,True,1,1,40
AST-KG+CrossEncoder+StagedConfidence,L044-Q2,v2,"Hey team, I've noticed that we're having issues updating the broker settings – could this be causing our message delivery delays?",core/src/main/scala/kafka/server/DynamicBrokerConfig.scala,584,True,1,1.0,True,1,1,20
AST-KG+CrossEncoder+StagedConfidence,L044-Q3,v2,Could you check if there are underlying permission issues or connectivity problems that might be preventing the broker configuration from being updated?,core/src/main/scala/kafka/server/DynamicBrokerConfig.scala,584,True,1,1.0,True,1,1,20
AST-KG+CrossEncoder+StagedConfidence,L045-Q1,v2,"The system has encountered an issue where it fails to automatically create the specified topic, leading to potential disruptions in message processing.",core/src/main/scala/kafka/server/AutoTopicCreationManager.scala,267,True,7,0.14285714285714285,True,1,7,40
AST-KG+CrossEncoder+StagedConfidence,L045-Q2,v2,"Hey, it looks like we can't seem to create the topic automatically anymore. What's going on with that?",core/src/main/scala/kafka/server/AutoTopicCreationManager.scala,267,True,3,0.3333333333333333,True,1,3,40
AST-KG+CrossEncoder+StagedConfidence,L045-Q3,v2,"Can we investigate the underlying cause of the auto topic creation failure, specifically related to the error reported for ${topicResult.name}?",core/src/main/scala/kafka/server/AutoTopicCreationManager.scala,267,True,2,0.5,True,2,2,40
AST-KG+CrossEncoder+StagedConfidence,L046-Q1,v2,"The broker encountered an error while attempting to send a heartbeat request, what could be causing this disruption?",core/src/main/scala/kafka/server/BrokerLifecycleManager.scala,554,True,1,1.0,True,4,1,40
AST-KG+CrossEncoder+StagedConfidence,L046-Q2,v2,"Hey, why did the broker's heartbeat request fail? Is something wrong with its connection?",core/src/main/scala/kafka/server/BrokerLifecycleManager.scala,554,True,1,1.0,True,1,1,40
AST-KG+CrossEncoder+StagedConfidence,L046-Q3,v2,Investigate the reason behind the broker's heartbeat request failure due to the reported error code.,core/src/main/scala/kafka/server/BrokerLifecycleManager.scala,554,True,1,1.0,True,1,1,40
AST-KG+CrossEncoder+StagedConfidence,L047-Q1,v2,"Has there been an increase in error messages related to unsupported quota entities, indicating potential misconfigurations in quota management?",core/src/main/scala/kafka/server/metadata/ClientQuotaMetadataManager.scala,107,True,1,1.0,True,1,1,20
AST-KG+CrossEncoder+StagedConfidence,L047-Q2,v2,Looks like we're ignoring some unsupported quota entities—could this be affecting our overall system performance?,core/src/main/scala/kafka/server/metadata/ClientQuotaMetadataManager.scala,107,True,1,1.0,True,1,1,20
AST-KG+CrossEncoder+StagedConfidence,L047-Q3,v2,Could the system's inability to recognize certain quota entities be leading to unexpected resource allocation issues?,core/src/main/scala/kafka/server/metadata/ClientQuotaMetadataManager.scala,107,True,3,0.3333333333333333,True,4,3,40
AST-KG+CrossEncoder+StagedConfidence,L048-Q1,v2,"The system is unable to create new topics due to a version mismatch error, which is preventing resource allocation.",core/src/main/scala/kafka/server/AutoTopicCreationManager.scala,447,True,1,1.0,True,1,1,20
AST-KG+CrossEncoder+StagedConfidence,L048-Q2,v2,"Hey, why can’t we set up those new topics? There seems to be an issue with version compatibility.",core/src/main/scala/kafka/server/AutoTopicCreationManager.scala,447,True,2,0.5,True,1,2,40
AST-KG+CrossEncoder+StagedConfidence,L048-Q3,v2,Can we investigate the version settings? It looks like there’s a conflict preventing auto topic creation for the specified keys.,core/src/main/scala/kafka/server/AutoTopicCreationManager.scala,447,True,2,0.5,True,1,2,40
AST-KG+CrossEncoder+StagedConfidence,L049-Q1,v2,The system is experiencing unexpected behavior following a metadata version upgrade. What impact could this version change have on cluster performance?,metadata/src/main/java/org/apache/kafka/controller/FeatureControlManager.java,414,True,5,0.2,True,1,5,20
AST-KG+CrossEncoder+StagedConfidence,L049-Q2,v2,"After updating the metadata version, are you noticing any disruptions or failures in data processing?",metadata/src/main/java/org/apache/kafka/controller/FeatureControlManager.java,414,True,5,0.2,True,1,5,40
AST-KG+CrossEncoder+StagedConfidence,L049-Q3,v2,Can we verify if the application is maintaining its stability after the metadata version increment?,metadata/src/main/java/org/apache/kafka/controller/FeatureControlManager.java,414,True,1,1.0,True,1,1,40
AST-KG+CrossEncoder+StagedConfidence,L050-Q1,v2,We've encountered issues fetching messages from the specified partition; what might be causing this irregularity?,core/src/main/scala/kafka/server/AbstractFetcherThread.scala,406,True,1,1.0,True,1,1,40
AST-KG+CrossEncoder+StagedConfidence,L050-Q2,v2,It looks like there are some bad messages in the queue for the given partition. Can we investigate what's going wrong?,core/src/main/scala/kafka/server/AbstractFetcherThread.scala,406,True,1,1.0,True,1,1,20
AST-KG+CrossEncoder+StagedConfidence,L050-Q3,v2,The fetch operation for the provided partition is returning invalid messages; could this be linked to a serialization error or data format mismatch?,core/src/main/scala/kafka/server/AbstractFetcherThread.scala,406,True,1,1.0,True,1,1,20
AST-KG+CrossEncoder+StagedConfidence,L051-Q1,v3,"During the shutdown process, an unexpected thread error was encountered that seems to be affecting the LogManager functionality. What could be the underlying cause?",core/src/main/scala/kafka/log/LogManager.scala,689,True,1,1.0,True,1,1,40
AST-KG+CrossEncoder+StagedConfidence,L051-Q2,v3,"Hey team, it looks like we ran into an issue when shutting down the LogManager—any idea why a thread is throwing an error?",core/src/main/scala/kafka/log/LogManager.scala,689,True,1,1.0,True,1,1,40
AST-KG+CrossEncoder+StagedConfidence,L051-Q3,v3,Can we investigate the thread error reported during the LogManager shutdown? What steps should we take to diagnose the root cause?,core/src/main/scala/kafka/log/LogManager.scala,689,True,1,1.0,True,1,1,40
AST-KG+CrossEncoder+StagedConfidence,L052-Q1,v3,"The application is unable to retrieve the end offset for the specified topic and partition, leading to potential data loss.",core/src/main/scala/kafka/server/LocalLeaderEndPoint.scala,155,False,,0.0,False,,,40
AST-KG+CrossEncoder+StagedConfidence,L052-Q2,v3,"Hey, have you noticed that we're getting errors when trying to access the end offset for a topic? It seems like it's throwing a critical issue.",core/src/main/scala/kafka/server/LocalLeaderEndPoint.scala,155,True,1,1.0,True,13,1,40
AST-KG+CrossEncoder+StagedConfidence,L052-Q3,v3,What causes the system to fail while trying to obtain the EpochEndOffset for a specific topic and partition?,core/src/main/scala/kafka/server/LocalLeaderEndPoint.scala,155,True,4,0.25,True,3,4,40
AST-KG+CrossEncoder+StagedConfidence,L053-Q1,v3,"There seems to be an issue with the leader epoch request for certain partitions, causing potential delays in processing messages.",core/src/main/scala/kafka/server/RemoteLeaderEndPoint.scala,162,True,3,0.3333333333333333,True,1,3,40
AST-KG+CrossEncoder+StagedConfidence,L053-Q2,v3,"We're experiencing problems sending requests for leader epochs, which might be affecting the data flow for some of our partitions.",core/src/main/scala/kafka/server/RemoteLeaderEndPoint.scala,162,True,1,1.0,True,1,1,40
AST-KG+CrossEncoder+StagedConfidence,L053-Q3,v3,Can we confirm if the failure to send leader epoch requests is impacting the availability of specific partitions?,core/src/main/scala/kafka/server/RemoteLeaderEndPoint.scala,162,True,2,0.5,True,1,2,40
AST-KG+CrossEncoder+StagedConfidence,L054-Q1,v3,"The system is unable to process requests from the queue, indicating a version mismatch issue. What could be causing this incompatibility?",core/src/main/scala/kafka/server/NodeToControllerChannelManager.scala,290,True,1,1.0,True,1,1,20
AST-KG+CrossEncoder+StagedConfidence,L054-Q2,v3,"Hey, I've noticed that our request processing is hitting a wall because of a version error. Has anyone updated the system recently?",core/src/main/scala/kafka/server/NodeToControllerChannelManager.scala,290,True,1,1.0,True,1,1,40
AST-KG+CrossEncoder+StagedConfidence,L054-Q3,v3,Could the unsupported version error suggest a misconfiguration in the application that's attempting to access the request queue?,core/src/main/scala/kafka/server/NodeToControllerChannelManager.scala,290,True,1,1.0,True,1,1,20
AST-KG+CrossEncoder+StagedConfidence,L055-Q1,v3,"The configuration update failed to process properly, leading to potential issues with the Kafka setup. What might be causing this error?",core/src/main/scala/kafka/server/ConfigAdminManager.scala,255,True,14,0.07142857142857142,True,10,14,20
AST-KG+CrossEncoder+StagedConfidence,L055-Q2,v3,"Hey, it seems like there was a hiccup while trying to change the configuration settings. Any idea what’s going on?",core/src/main/scala/kafka/server/ConfigAdminManager.scala,255,True,11,0.09090909090909091,True,1,11,20
AST-KG+CrossEncoder+StagedConfidence,L055-Q3,v3,Can we investigate why the alterConfigs request is throwing an error on the specified configuration resource?,core/src/main/scala/kafka/server/ConfigAdminManager.scala,255,True,1,1.0,True,1,1,40
AST-KG+CrossEncoder+StagedConfidence,L056-Q1,v3,"We're encountering a severe issue where messages are not being processed for the specified topic, causing delays in data flow.",core/src/main/scala/kafka/log/LogManager.scala,1488,True,16,0.0625,True,16,16,20
AST-KG+CrossEncoder+StagedConfidence,L056-Q2,v3,"It seems we're having trouble with sending data to the named topic, leaving some messages stuck and unreleased.",core/src/main/scala/kafka/log/LogManager.scala,1488,True,17,0.058823529411764705,True,3,17,20
AST-KG+CrossEncoder+StagedConfidence,L056-Q3,v3,"Can we investigate why the flushing operation for the specified topic partition is failing, potentially impacting throughput?",core/src/main/scala/kafka/log/LogManager.scala,1488,True,1,1.0,True,1,1,40
AST-KG+CrossEncoder+StagedConfidence,L057-Q1,v3,"The system is failing to establish communication with the broker, leading to repeated retry attempts when sending the heartbeat from node $nodeId.",core/src/main/scala/kafka/server/BrokerLifecycleManager.scala,493,True,1,1.0,True,1,1,40
AST-KG+CrossEncoder+StagedConfidence,L057-Q2,v3,"Hey, we've noticed that node $nodeId isn't sending its heartbeat to the broker. It keeps trying, but nothing seems to connect.",core/src/main/scala/kafka/server/BrokerLifecycleManager.scala,493,True,1,1.0,True,1,1,40
AST-KG+CrossEncoder+StagedConfidence,L057-Q3,v3,Investigate why the broker heartbeat is not being sent from node $nodeId—could there be a network issue or a configuration problem?,core/src/main/scala/kafka/server/BrokerLifecycleManager.scala,493,True,4,0.25,True,3,4,40
AST-KG+CrossEncoder+StagedConfidence,L058-Q1,v3,"The system encountered an issue while trying to create new topics automatically, resulting in the inability to process the response properly.",core/src/main/scala/kafka/server/AutoTopicCreationManager.scala,272,True,8,0.125,True,2,8,40
AST-KG+CrossEncoder+StagedConfidence,L058-Q2,v3,Why can't we create new topics automatically? The response parsing is failing.,core/src/main/scala/kafka/server/AutoTopicCreationManager.scala,272,True,1,1.0,True,2,1,40
AST-KG+CrossEncoder+StagedConfidence,L058-Q3,v3,What diagnostics can we run to determine why the envelope response is not being parsed for auto topic creation?,core/src/main/scala/kafka/server/AutoTopicCreationManager.scala,272,True,1,1.0,True,1,1,40
AST-KG+CrossEncoder+StagedConfidence,L059-Q1,v3,"Why is the leader not closing properly after the replica fetcher thread shuts down, and what impact is this having on our message consumption?",core/src/main/scala/kafka/server/ReplicaFetcherThread.scala,91,True,1,1.0,True,1,1,40
AST-KG+CrossEncoder+StagedConfidence,L059-Q2,v3,"Dude, why does it feel like the leader is stuck and won't shut down the fetcher? What's going on?",core/src/main/scala/kafka/server/ReplicaFetcherThread.scala,91,True,1,1.0,True,2,1,40
AST-KG+CrossEncoder+StagedConfidence,L059-Q3,v3,Can we investigate the issue with the leader's inability to close after the fetcher thread termination? What are the implications for our data consistency?,core/src/main/scala/kafka/server/ReplicaFetcherThread.scala,91,True,1,1.0,True,1,1,20
AST-KG+CrossEncoder+StagedConfidence,L060-Q1,v3,"We are experiencing issues with the registration process, as the backend is returning an unexpected response type. Could this be affecting user sign-ups?",core/src/main/scala/kafka/server/ControllerRegistrationManager.scala,252,True,2,0.5,True,1,2,40
AST-KG+CrossEncoder+StagedConfidence,L060-Q2,v3,Looks like something's off with the registration responses! Users are getting errors when trying to complete their registrations. What could be causing this?,core/src/main/scala/kafka/server/ControllerRegistrationManager.scala,252,True,2,0.5,True,3,2,40
AST-KG+CrossEncoder+StagedConfidence,L060-Q3,v3,"Can we investigate the registration response handling? The system seems to be failing to process certain response types correctly, which might indicate a configuration or compatibility issue.",core/src/main/scala/kafka/server/ControllerRegistrationManager.scala,252,True,1,1.0,True,1,1,20
AST-KG+CrossEncoder+StagedConfidence,L061-Q1,v3,"The system encountered an unexpected error while attempting to complete a controlled shutdown, resulting in an incomplete process.",core/src/main/scala/kafka/server/BrokerServer.scala,785,True,1,1.0,True,1,1,40
AST-KG+CrossEncoder+StagedConfidence,L061-Q2,v3,"Hey, we tried to shut things down cleanly, but something went wrong and caused a hiccup. Any idea what happened?",core/src/main/scala/kafka/server/BrokerServer.scala,785,True,2,0.5,True,5,2,20
AST-KG+CrossEncoder+StagedConfidence,L061-Q3,v3,What specific factors might have led to an exception during the controlled shutdown process?,core/src/main/scala/kafka/server/BrokerServer.scala,785,True,1,1.0,True,1,1,20
AST-KG+CrossEncoder+StagedConfidence,L062-Q1,v3,"Why are we experiencing connectivity issues with channel $channelId, leading to socket closures?",core/src/main/scala/kafka/network/SocketServer.scala,945,True,1,1.0,True,1,1,20
AST-KG+CrossEncoder+StagedConfidence,L062-Q2,v3,"Hey, has anyone noticed if channel $channelId keeps dropping connections unexpectedly?",core/src/main/scala/kafka/network/SocketServer.scala,945,True,3,0.3333333333333333,True,1,3,40
AST-KG+CrossEncoder+StagedConfidence,L062-Q3,v3,What underlying issues might be causing the frequent socket closures for channel $channelId?,core/src/main/scala/kafka/network/SocketServer.scala,945,True,1,1.0,True,1,1,20
AST-KG+CrossEncoder+StagedConfidence,L063-Q1,v3,"The application is failing to process incoming data for the specified partition, leading to delays in message consumption.",core/src/main/scala/kafka/server/AbstractFetcherThread.scala,415,True,1,1.0,True,2,1,40
AST-KG+CrossEncoder+StagedConfidence,L063-Q2,v3,We're experiencing an issue where data processing seems to just stop for a particular partition. What could be going wrong?,core/src/main/scala/kafka/server/AbstractFetcherThread.scala,415,True,1,1.0,True,1,1,40
AST-KG+CrossEncoder+StagedConfidence,L063-Q3,v3,Can you investigate why there's an unexpected error occurring during data handling for partition $topicPartition?,core/src/main/scala/kafka/server/AbstractFetcherThread.scala,415,True,1,1.0,True,1,1,40
AST-KG+CrossEncoder+StagedConfidence,L064-Q1,v3,The application is failing to start due to configuration errors; can we confirm if any required properties are missing or misconfigured?,core/src/main/scala/kafka/server/DynamicBrokerConfig.scala,497,True,5,0.2,True,3,5,20
AST-KG+CrossEncoder+StagedConfidence,L064-Q2,v3,"Hey, it seems like some settings in our config aren't valid. Could that be causing the system to behave unexpectedly?",core/src/main/scala/kafka/server/DynamicBrokerConfig.scala,497,True,1,1.0,True,1,1,40
AST-KG+CrossEncoder+StagedConfidence,L064-Q3,v3,Can we investigate the impact of the invalid configurations on service performance and identify which properties specifically need correction?,core/src/main/scala/kafka/server/DynamicBrokerConfig.scala,497,True,1,1.0,True,1,1,20
AST-KG+CrossEncoder+StagedConfidence,L065-Q1,v3,The application is experiencing message delivery failures due to a partition issue.,core/src/main/scala/kafka/server/AbstractFetcherThread.scala,501,True,12,0.08333333333333333,True,1,12,40
AST-KG+CrossEncoder+StagedConfidence,L065-Q2,v3,We've noticed that the messages aren't being processed as expected; could it be related to a specific partition failure?,core/src/main/scala/kafka/server/AbstractFetcherThread.scala,501,True,4,0.25,True,3,4,20
AST-KG+CrossEncoder+StagedConfidence,L065-Q3,v3,Can we investigate the impact on the system's performance after a partition was marked as failed?,core/src/main/scala/kafka/server/AbstractFetcherThread.scala,501,True,1,1.0,True,1,1,20
AST-KG+CrossEncoder+StagedConfidence,L066-Q1,v3,"The broker is exhibiting an unexpected state, leading to potential disruptions in message processing.",core/src/main/scala/kafka/server/BrokerLifecycleManager.scala,550,True,1,1.0,True,1,1,40
AST-KG+CrossEncoder+StagedConfidence,L066-Q2,v3,We noticed the Kafka broker seems to be acting up and isn't responding as expected. What's going on?,core/src/main/scala/kafka/server/BrokerLifecycleManager.scala,550,True,9,0.1111111111111111,True,1,9,40
AST-KG+CrossEncoder+StagedConfidence,L066-Q3,v3,Could the unexpected broker state be affecting our message throughput or availability?,core/src/main/scala/kafka/server/BrokerLifecycleManager.scala,550,True,1,1.0,True,1,1,20
AST-KG+CrossEncoder+StagedConfidence,L067-Q1,v3,"The system is experiencing unexpected behavior as the controller is not providing enough results, causing delays in processing.",core/src/main/scala/kafka/server/ConfigAdminManager.scala,368,True,2,0.5,True,10,2,40
AST-KG+CrossEncoder+StagedConfidence,L067-Q2,v3,"Hey, why does it seem like we're missing some data? The controller's output is lower than what we expected!",core/src/main/scala/kafka/server/ConfigAdminManager.scala,368,True,1,1.0,True,2,1,40
AST-KG+CrossEncoder+StagedConfidence,L067-Q3,v3,Could the reduced number of results from the controller indicate an underlying issue with data fetching or connectivity?,core/src/main/scala/kafka/server/ConfigAdminManager.scala,368,True,1,1.0,True,2,1,40
AST-KG+CrossEncoder+StagedConfidence,L068-Q1,v3,"The application is failing to install metadata publishers, leading to disruptions in service availability. Have there been any recent changes or updates that could have impacted this process?",core/src/main/scala/kafka/server/SharedServer.scala,347,True,1,1.0,True,1,1,20
AST-KG+CrossEncoder+StagedConfidence,L068-Q2,v3,"We can't seem to get the metadata publishers installed. Is anyone else experiencing this issue, or is it just me?",core/src/main/scala/kafka/server/SharedServer.scala,347,True,1,1.0,True,1,1,20
AST-KG+CrossEncoder+StagedConfidence,L068-Q3,v3,Investigate the installation failure of metadata publishers to determine if there are any underlying configuration issues or missing dependencies.,core/src/main/scala/kafka/server/SharedServer.scala,347,True,1,1.0,True,1,1,20
AST-KG+CrossEncoder+StagedConfidence,L069-Q1,v3,"The system encounters an exception during the processing of requests, causing interruptions in service.",core/src/main/scala/kafka/server/KafkaRequestHandler.scala,149,True,3,0.3333333333333333,True,3,3,40
AST-KG+CrossEncoder+StagedConfidence,L069-Q2,v3,We noticed that there's an error popping up every time a request gets handled; could this be related to our service stability?,core/src/main/scala/kafka/server/KafkaRequestHandler.scala,149,True,2,0.5,True,4,2,40
AST-KG+CrossEncoder+StagedConfidence,L069-Q3,v3,"What specific conditions trigger the exception during request handling, and how might this affect overall system performance?",core/src/main/scala/kafka/server/KafkaRequestHandler.scala,149,True,2,0.5,True,2,2,40
AST-KG+CrossEncoder+StagedConfidence,L070-Q1,v3,"The system is failing to communicate with the controller, causing heartbeats to be undeliverable for a specific node. What could be the root cause of this connectivity issue?",core/src/main/scala/kafka/server/BrokerLifecycleManager.scala,496,True,2,0.5,True,1,2,40
AST-KG+CrossEncoder+StagedConfidence,L070-Q2,v3,I'm noticing that one of our nodes seems to be having trouble keeping its heartbeat alive with the controller. Has anyone else experienced this?,core/src/main/scala/kafka/server/BrokerLifecycleManager.scala,496,True,1,1.0,True,1,1,20
AST-KG+CrossEncoder+StagedConfidence,L070-Q3,v3,What issues might arise if a node is unable to maintain its heartbeat with the controller in a Kafka cluster?,core/src/main/scala/kafka/server/BrokerLifecycleManager.scala,496,True,1,1.0,True,1,1,20
AST-KG+CrossEncoder+StagedConfidence,L071-Q1,v3,The broker with ID $nodeId seems to be failing to complete its registration process. What might be causing this issue?,core/src/main/scala/kafka/server/BrokerLifecycleManager.scala,421,True,4,0.25,True,3,4,40
AST-KG+CrossEncoder+StagedConfidence,L071-Q2,v3,"Hey, I noticed that the broker with ID $nodeId isn't showing up as registered. Any idea what's going on?",core/src/main/scala/kafka/server/BrokerLifecycleManager.scala,421,True,3,0.3333333333333333,True,1,3,40
AST-KG+CrossEncoder+StagedConfidence,L071-Q3,v3,Investigate why the broker identified as $nodeId cannot successfully register. Are there network or configuration issues at play?,core/src/main/scala/kafka/server/BrokerLifecycleManager.scala,421,True,5,0.2,True,1,5,40
AST-KG+CrossEncoder+StagedConfidence,L072-Q1,v3,"We've encountered an issue where the system is repeatedly detecting and loading stray logs from the specified directory, causing potential data inconsistencies.",core/src/main/scala/kafka/log/LogManager.scala,357,True,2,0.5,True,1,2,40
AST-KG+CrossEncoder+StagedConfidence,L072-Q2,v3,Is anyone else seeing unexpected stray logs being loaded from the log directory? It seems to be happening intermittently.,core/src/main/scala/kafka/log/LogManager.scala,357,True,1,1.0,True,1,1,40
AST-KG+CrossEncoder+StagedConfidence,L072-Q3,v3,Could you investigate why stray logs are being loaded from the specified directory? This might be impacting our log processing pipeline.,core/src/main/scala/kafka/log/LogManager.scala,357,True,1,1.0,True,1,1,40
AST-KG+CrossEncoder+StagedConfidence,L073-Q1,v3,"The system is failing to identify the specified persister, resulting in data not being saved as expected. What configurations were modified recently?",core/src/main/scala/kafka/server/BrokerServer.scala,729,True,1,1.0,True,1,1,20
AST-KG+CrossEncoder+StagedConfidence,L073-Q2,v3,"Hey, has anyone noticed that the application isn’t storing data? It seems like there’s an issue with the persister setup.",core/src/main/scala/kafka/server/BrokerServer.scala,729,True,1,1.0,True,1,1,20
AST-KG+CrossEncoder+StagedConfidence,L073-Q3,v3,Can we determine if the persister factory settings were altered? This might lead us to the root cause of the data persistence problem.,core/src/main/scala/kafka/server/BrokerServer.scala,729,True,1,1.0,True,1,1,20
AST-KG+CrossEncoder+StagedConfidence,L074-Q1,v3,"The application fails to process registration responses, leading to user sign-up issues. What API versions are currently supported?",core/src/main/scala/kafka/server/ControllerRegistrationManager.scala,246,True,1,1.0,True,1,1,20
AST-KG+CrossEncoder+StagedConfidence,L074-Q2,v3,Users are getting stuck during registration because the application doesn't recognize the API version. What could be causing this?,core/src/main/scala/kafka/server/ControllerRegistrationManager.scala,246,True,1,1.0,True,1,1,40
AST-KG+CrossEncoder+StagedConfidence,L074-Q3,v3,Investigate why the registration handler may be rejecting responses due to unsupported API version. Is the server up-to-date with the latest specifications?,core/src/main/scala/kafka/server/ControllerRegistrationManager.scala,246,True,1,1.0,True,1,1,20
AST-KG+CrossEncoder+StagedConfidence,L075-Q1,v3,"Why did the system reset the fetch offset for the specified partition, and what impact could this have on data processing?",core/src/main/scala/kafka/server/AbstractFetcherThread.scala,677,True,2,0.5,True,1,2,40
AST-KG+CrossEncoder+StagedConfidence,L075-Q2,v3,"Hey, why's our consumer suddenly acting weird? I think the offset just reset for one of the partitions.",core/src/main/scala/kafka/server/AbstractFetcherThread.scala,677,True,10,0.1,True,20,10,40
AST-KG+CrossEncoder+StagedConfidence,L075-Q3,v3,"Can we investigate the conditions that led to the fetch offset reset for the partition, and whether this is affecting message consumption?",core/src/main/scala/kafka/server/AbstractFetcherThread.scala,677,True,4,0.25,True,1,4,40
AST-KG+CrossEncoder+StagedConfidence,L076-Q1,v3,"The cluster seems to be rejecting partition alteration requests, potentially affecting topic management. What might be causing this behavior?",metadata/src/main/java/org/apache/kafka/controller/ReplicationControlManager.java,1300,True,11,0.09090909090909091,True,1,11,40
AST-KG+CrossEncoder+StagedConfidence,L076-Q2,v3,"Hey, has anyone else noticed that we're unable to change partitions for some topics? It's been pretty frustrating.",metadata/src/main/java/org/apache/kafka/controller/ReplicationControlManager.java,1300,False,,0.0,False,,,40
AST-KG+CrossEncoder+StagedConfidence,L076-Q3,v3,Could there be a network issue or misconfiguration with the nodes that is preventing AlterPartition requests from being processed?,metadata/src/main/java/org/apache/kafka/controller/ReplicationControlManager.java,1300,True,10,0.1,True,1,10,40
AST-KG+CrossEncoder+StagedConfidence,L077-Q1,v3,User reports an unexpected server error when attempting to modify configuration settings.,metadata/src/main/java/org/apache/kafka/controller/ConfigurationControlManager.java,374,True,1,1.0,True,1,1,40
AST-KG+CrossEncoder+StagedConfidence,L077-Q2,v3,"The application crashes intermittently when users try to alter server configurations, leading to disruptions.",metadata/src/main/java/org/apache/kafka/controller/ConfigurationControlManager.java,374,True,1,1.0,True,1,1,20
AST-KG+CrossEncoder+StagedConfidence,L077-Q3,v3,What could be causing the failure in validation during the configuration alteration process?,metadata/src/main/java/org/apache/kafka/controller/ConfigurationControlManager.java,374,True,2,0.5,True,1,2,40
AST-KG+CrossEncoder+StagedConfidence,L078-Q1,v3,"The system is failing to create new topics, resulting in a critical error message.",metadata/src/main/java/org/apache/kafka/controller/ReplicationControlManager.java,878,True,14,0.07142857142857142,True,3,14,40
AST-KG+CrossEncoder+StagedConfidence,L078-Q2,v3,"Hey, has anyone else noticed that we can't create topics right now? Something's definitely up.",metadata/src/main/java/org/apache/kafka/controller/ReplicationControlManager.java,878,True,16,0.0625,True,1,16,20
AST-KG+CrossEncoder+StagedConfidence,L078-Q3,v3,What steps can we take to identify the root cause of the server error occurring during topic creation?,metadata/src/main/java/org/apache/kafka/controller/ReplicationControlManager.java,878,True,1,1.0,True,1,1,40
AST-KG+CrossEncoder+StagedConfidence,L079-Q1,v3,The application is frequently experiencing issues where it can't process messages due to an unknown partition imbalance. What could be causing this downtime?,metadata/src/main/java/org/apache/kafka/controller/ReplicationControlManager.java,1744,True,1,1.0,True,1,1,40
AST-KG+CrossEncoder+StagedConfidence,L079-Q2,v3,It seems like we're missing messages lately because something is off with partition handling. Any ideas on what might be happening?,metadata/src/main/java/org/apache/kafka/controller/ReplicationControlManager.java,1744,True,13,0.07692307692307693,True,9,13,40
AST-KG+CrossEncoder+StagedConfidence,L079-Q3,v3,We should investigate why the system is skipping over certain partitions that it can't recognize as imbalanced. What diagnostic steps should we take?,metadata/src/main/java/org/apache/kafka/controller/ReplicationControlManager.java,1744,True,1,1.0,True,1,1,20
AST-KG+CrossEncoder+StagedConfidence,L080-Q1,v3,"We've encountered an issue where the AlterPartition request is being denied from a specific node, affecting the partition reassignment process.",metadata/src/main/java/org/apache/kafka/controller/ReplicationControlManager.java,1292,True,9,0.1111111111111111,True,2,9,40
AST-KG+CrossEncoder+StagedConfidence,L080-Q2,v3,It looks like there's a problem with one of the nodes rejecting partition alterations; could this impact our data distribution?,metadata/src/main/java/org/apache/kafka/controller/ReplicationControlManager.java,1292,True,9,0.1111111111111111,True,1,9,40
AST-KG+CrossEncoder+StagedConfidence,L080-Q3,v3,Can we investigate why the AlterPartition requests are being rejected by node {} for the topic-partition pair {}-{}?,metadata/src/main/java/org/apache/kafka/controller/ReplicationControlManager.java,1292,True,9,0.1111111111111111,True,2,9,40
AST-KG+CrossEncoder+StagedConfidence,L082-Q1,v3,"We've noticed a situation where the in-sync replica set is overlapping with the end log position, which might lead to data inconsistencies. What could be the root cause?",metadata/src/main/java/org/apache/kafka/controller/ReplicationControlManager.java,2411,True,2,0.5,True,1,2,40
AST-KG+CrossEncoder+StagedConfidence,L082-Q2,v3,"Hey team, it seems like our ISR is larger than our ELR, and I'm worried this might affect our data flow. Any ideas on what’s going on?",metadata/src/main/java/org/apache/kafka/controller/ReplicationControlManager.java,2411,True,2,0.5,True,1,2,40
AST-KG+CrossEncoder+StagedConfidence,L082-Q3,v3,Could the overlapping ISR and ELR indicate an issue with our replica synchronization process? What checks should we perform to diagnose this further?,metadata/src/main/java/org/apache/kafka/controller/ReplicationControlManager.java,2411,True,1,1.0,True,1,1,20
AST-KG+CrossEncoder+StagedConfidence,L083-Q1,v3,The system seems to be skipping messages due to an unrecognized imbalanced topic. What could be causing this issue?,metadata/src/main/java/org/apache/kafka/controller/ReplicationControlManager.java,1738,True,1,1.0,True,1,1,20
AST-KG+CrossEncoder+StagedConfidence,L083-Q2,v3,I've noticed that some messages aren't being processed because of a weird topic imbalance. What should we check?,metadata/src/main/java/org/apache/kafka/controller/ReplicationControlManager.java,1738,True,1,1.0,True,1,1,20
AST-KG+CrossEncoder+StagedConfidence,L083-Q3,v3,Can we diagnose why the Kafka consumer is not handling the imbalanced topic effectively?,metadata/src/main/java/org/apache/kafka/controller/ReplicationControlManager.java,1738,True,8,0.125,True,1,8,40
AST-KG+CrossEncoder+StagedConfidence,L085-Q1,v3,A broker has marked several directories offline; could this lead to data unavailability for consumers?,metadata/src/main/java/org/apache/kafka/controller/ReplicationControlManager.java,1498,True,1,1.0,True,1,1,20
AST-KG+CrossEncoder+StagedConfidence,L085-Q2,v3,"Hey, I noticed that some directories are offline on one of our brokers—has anyone checked the impact on message processing?",metadata/src/main/java/org/apache/kafka/controller/ReplicationControlManager.java,1498,True,1,1.0,True,1,1,20
AST-KG+CrossEncoder+StagedConfidence,L085-Q3,v3,Can we investigate the broker's directory status to determine if the offline directories are affecting our replication or load balancing?,metadata/src/main/java/org/apache/kafka/controller/ReplicationControlManager.java,1498,True,1,1.0,True,1,1,20
AST-KG+CrossEncoder+StagedConfidence,L086-Q1,v3,We're encountering an issue where attempts to delete certain topics result in an unexpected error. Has anyone identified the root cause?,metadata/src/main/java/org/apache/kafka/controller/ReplicationControlManager.java,995,True,2,0.5,True,1,2,40
AST-KG+CrossEncoder+StagedConfidence,L086-Q2,v3,Does anyone know why we're suddenly unable to delete topics? It seems like there's an error popping up every time we try.,metadata/src/main/java/org/apache/kafka/controller/ReplicationControlManager.java,995,True,1,1.0,True,1,1,40
AST-KG+CrossEncoder+StagedConfidence,L086-Q3,v3,Could this unexpected deleteTopics error be linked to permission settings or current broker configurations?,metadata/src/main/java/org/apache/kafka/controller/ReplicationControlManager.java,995,True,1,1.0,True,1,1,20
AST-KG+CrossEncoder+StagedConfidence,L087-Q1,v3,"The system is failing to initiate a leader election for a partition that appears to be offline, causing potential data availability issues.",metadata/src/main/java/org/apache/kafka/controller/ReplicationControlManager.java,1799,True,3,0.3333333333333333,True,1,3,40
AST-KG+CrossEncoder+StagedConfidence,L087-Q2,v3,Why can't we get a leader for that partition? It seems like it's stuck in an offline state.,metadata/src/main/java/org/apache/kafka/controller/ReplicationControlManager.java,1799,True,5,0.2,True,2,5,40
AST-KG+CrossEncoder+StagedConfidence,L087-Q3,v3,"Investigate the root cause of the offline partition, as it is preventing an unclean leader election from occurring.",metadata/src/main/java/org/apache/kafka/controller/ReplicationControlManager.java,1799,True,2,0.5,True,3,2,40
AST-KG+CrossEncoder+StagedConfidence,L088-Q1,v3,"We're experiencing issues with adding new partitions, as it seems the createPartitions request is failing unexpectedly.",metadata/src/main/java/org/apache/kafka/controller/ReplicationControlManager.java,1823,True,1,1.0,True,1,1,40
AST-KG+CrossEncoder+StagedConfidence,L088-Q2,v3,Has anyone else noticed problems when trying to increase the number of partitions for a topic lately?,metadata/src/main/java/org/apache/kafka/controller/ReplicationControlManager.java,1823,False,,0.0,True,14,26,40
AST-KG+CrossEncoder+StagedConfidence,L088-Q3,v3,Could the failed createPartitions operation indicate a misconfiguration or resource issue in our Kafka setup?,metadata/src/main/java/org/apache/kafka/controller/ReplicationControlManager.java,1823,True,1,1.0,True,1,1,40
AST-KG+CrossEncoder+StagedConfidence,L089-Q1,v3,"The system is experiencing delays in processing broker heartbeats, leading to potential inconsistencies in cluster state.",metadata/src/main/java/org/apache/kafka/controller/ReplicationControlManager.java,1660,True,5,0.2,True,1,5,20
AST-KG+CrossEncoder+StagedConfidence,L089-Q2,v3,"Hey, it seems like our Kafka controller is getting overwhelmed; the heartbeat checks are taking too long to respond.",metadata/src/main/java/org/apache/kafka/controller/ReplicationControlManager.java,1660,True,1,1.0,True,1,1,40
AST-KG+CrossEncoder+StagedConfidence,L089-Q3,v3,Could the recent overload in the event queue be causing connection issues with our brokers?,metadata/src/main/java/org/apache/kafka/controller/ReplicationControlManager.java,1660,True,1,1.0,True,1,1,20
AST-KG+CrossEncoder+StagedConfidence,L090-Q1,v3,"A broker is attempting to assign replicas, but it seems there are partitions that have not yet been assigned. What's going on?",metadata/src/main/java/org/apache/kafka/controller/ReplicationControlManager.java,2285,True,1,1.0,True,1,1,40
AST-KG+CrossEncoder+StagedConfidence,L090-Q2,v3,"Hey team, has anyone noticed issues with replica assignments for certain partitions? They don’t seem to be getting assigned properly.",metadata/src/main/java/org/apache/kafka/controller/ReplicationControlManager.java,2285,True,3,0.3333333333333333,True,2,3,40
AST-KG+CrossEncoder+StagedConfidence,L090-Q3,v3,Investigate why the assignment request is being made for a partition that has no existing assignments.,metadata/src/main/java/org/apache/kafka/controller/ReplicationControlManager.java,2285,True,1,1.0,True,2,1,40
AST-KG+CrossEncoder+StagedConfidence,L091-Q1,v3,The system appears to be consistently reporting leadership status for the same epoch; could this indicate a failure in leader election processes?,metadata/src/main/java/org/apache/kafka/controller/QuorumController.java,1067,True,2,0.5,True,1,2,40
AST-KG+CrossEncoder+StagedConfidence,L091-Q2,v3,"Hey, why does it seem like we're stuck in the same leader epoch forever?",metadata/src/main/java/org/apache/kafka/controller/QuorumController.java,1067,True,1,1.0,True,1,1,20
AST-KG+CrossEncoder+StagedConfidence,L091-Q3,v3,Can we check if there are any underlying issues affecting the leader's ability to transition between epochs?,metadata/src/main/java/org/apache/kafka/controller/QuorumController.java,1067,True,1,1.0,True,7,1,40
AST-KG+CrossEncoder+StagedConfidence,L092-Q1,v3,"The application is failing to process messages, resulting in significant delays in data delivery.",metadata/src/main/java/org/apache/kafka/controller/EventPerformanceMonitor.java,142,False,,0.0,False,,,20
AST-KG+CrossEncoder+StagedConfidence,L092-Q2,v3,"Hey, why are we seeing a lot of consumers lagging behind on message processing lately?",metadata/src/main/java/org/apache/kafka/controller/EventPerformanceMonitor.java,142,False,,0.0,False,,,40
AST-KG+CrossEncoder+StagedConfidence,L092-Q3,v3,Could you investigate if there are any issues with the message offset commits or consumer group states?,metadata/src/main/java/org/apache/kafka/controller/EventPerformanceMonitor.java,142,False,,0.0,False,,,40
AST-KG+CrossEncoder+StagedConfidence,L093-Q1,v3,The system appears to be experiencing a rollback in metadata versioning; could this impact data consistency?,metadata/src/main/java/org/apache/kafka/controller/FeatureControlManager.java,403,True,2,0.5,True,1,2,40
AST-KG+CrossEncoder+StagedConfidence,L093-Q2,v3,"Hey, I've noticed that our metadata version has dropped unexpectedly. Any idea what might be going on?",metadata/src/main/java/org/apache/kafka/controller/FeatureControlManager.java,403,True,1,1.0,True,1,1,20
AST-KG+CrossEncoder+StagedConfidence,L093-Q3,v3,Is there a correlation between the downgrade in metadata.version and any recent operational changes or performance issues?,metadata/src/main/java/org/apache/kafka/controller/FeatureControlManager.java,403,True,1,1.0,True,1,1,40
AST-KG+CrossEncoder+StagedConfidence,L094-Q1,v3,"The broker is attempting to assign replicas, but it is unable to find the specified topic ID in the system. What could be causing this issue?",metadata/src/main/java/org/apache/kafka/controller/ReplicationControlManager.java,2271,True,1,1.0,True,1,1,20
AST-KG+CrossEncoder+StagedConfidence,L094-Q2,v3,"Hey team, has anyone else noticed that the broker can't find the topic ID when trying to assign replicas? This might be messing with our data flow.",metadata/src/main/java/org/apache/kafka/controller/ReplicationControlManager.java,2271,True,1,1.0,True,1,1,20
AST-KG+CrossEncoder+StagedConfidence,L094-Q3,v3,Investigate whether the topic ID mentioned in the allocation request is valid and properly configured in the system's metadata.,metadata/src/main/java/org/apache/kafka/controller/ReplicationControlManager.java,2271,True,5,0.2,True,5,5,40
AST-KG+CrossEncoder+StagedConfidence,L095-Q1,v3,"The broker appears to be encountering an issue where it's referencing a partition that it doesn't recognize, leading to potential data replication failures.",metadata/src/main/java/org/apache/kafka/controller/ReplicationControlManager.java,2282,True,1,1.0,True,1,1,40
AST-KG+CrossEncoder+StagedConfidence,L095-Q2,v3,"Hey, has anyone noticed that the broker is trying to assign replicas to partitions that don't seem to exist? This could really mess with our data flow.",metadata/src/main/java/org/apache/kafka/controller/ReplicationControlManager.java,2282,True,1,1.0,True,1,1,40
AST-KG+CrossEncoder+StagedConfidence,L095-Q3,v3,"We should investigate why the broker is receiving requests for unknown partitions, as this may indicate a configuration issue or a synchronization problem in the cluster.",metadata/src/main/java/org/apache/kafka/controller/ReplicationControlManager.java,2282,True,2,0.5,True,2,2,40
AST-KG+CrossEncoder+StagedConfidence,L096-Q1,v3,The Kafka cluster experienced unexpected leader elections; could this impact message delivery and processing?,metadata/src/main/java/org/apache/kafka/controller/QuorumController.java,1071,False,,0.0,False,,,40
AST-KG+CrossEncoder+StagedConfidence,L096-Q2,v3,I've noticed that the brokers are switching leaders more often than usual; is this causing any downtime?,metadata/src/main/java/org/apache/kafka/controller/QuorumController.java,1071,True,11,0.09090909090909091,True,4,11,40
AST-KG+CrossEncoder+StagedConfidence,L096-Q3,v3,Can we investigate the reasons behind the leadership changes in the Kafka cluster to ensure stability?,metadata/src/main/java/org/apache/kafka/controller/QuorumController.java,1071,True,1,1.0,True,2,1,20
AST-KG+CrossEncoder+StagedConfidence,L097-Q1,v3,"The Kafka delete-logs thread is unable to schedule the next deletion, leading to potential build-up of obsolete log data. What impact is this having on system performance?",core/src/main/scala/kafka/log/LogManager.scala,1167,True,1,1.0,True,1,1,20
AST-KG+CrossEncoder+StagedConfidence,L097-Q2,v3,I've noticed that old log files are piling up in Kafka. Is there a reason why the delete-logs thread isn't working like it should?,core/src/main/scala/kafka/log/LogManager.scala,1167,True,1,1.0,True,1,1,40
AST-KG+CrossEncoder+StagedConfidence,L097-Q3,v3,Could the failure to schedule the next delete in the kafka-delete-logs thread be causing delays in log retention and management?,core/src/main/scala/kafka/log/LogManager.scala,1167,True,1,1.0,True,1,1,20
AST-KG+CrossEncoder+StagedConfidence,L098-Q1,v3,"The system is unable to retrieve data efficiently, indicating a possible configuration issue with the maximum fetch size.",core/src/main/scala/kafka/server/ReplicaManager.scala,1871,True,1,1.0,True,1,1,20
AST-KG+CrossEncoder+StagedConfidence,L098-Q2,v3,"Hey, I've noticed that we're having problems fetching data lately—could this be related to the max size settings?",core/src/main/scala/kafka/server/ReplicaManager.scala,1871,True,1,1.0,True,1,1,20
AST-KG+CrossEncoder+StagedConfidence,L098-Q3,v3,Could this error signify that the fetch source is receiving inadequate data due to a misconfigured maximum byte limit?,core/src/main/scala/kafka/server/ReplicaManager.scala,1871,True,1,1.0,True,1,1,20
AST-KG+CrossEncoder+StagedConfidence,L099-Q1,v3,"The system is unable to recognize the defined configuration, resulting in failures during process initialization. What could be causing this issue?",core/src/main/scala/kafka/server/KafkaConfig.scala,554,True,1,1.0,True,2,1,40
AST-KG+CrossEncoder+StagedConfidence,L099-Q2,v3,"Hey, I noticed that the application isn’t starting correctly. It keeps mentioning something about the configuration settings. Any ideas on what’s going wrong?",core/src/main/scala/kafka/server/KafkaConfig.scala,554,True,6,0.16666666666666666,True,8,6,20
AST-KG+CrossEncoder+StagedConfidence,L099-Q3,v3,Investigate whether the configuration name is properly assigned and check if there are missing roles that may hinder process execution.,core/src/main/scala/kafka/server/KafkaConfig.scala,554,True,1,1.0,True,1,1,20
AST-KG+CrossEncoder+StagedConfidence,L100-Q1,v3,Is there a scenario where the system is trying to reset a partition status despite having no active requests?,core/src/main/scala/kafka/server/AlterPartitionManager.scala,144,True,2,0.5,True,1,2,40
AST-KG+CrossEncoder+StagedConfidence,L100-Q2,v3,Why is the application trying to clear a flag for a partition that seems to be idle?,core/src/main/scala/kafka/server/AlterPartitionManager.scala,144,True,1,1.0,True,1,1,20
AST-KG+CrossEncoder+StagedConfidence,L100-Q3,v3,What could be causing an attempt to modify partition states when there are no ongoing processes?,core/src/main/scala/kafka/server/AlterPartitionManager.scala,144,True,1,1.0,True,1,1,40
AST-KG+CrossEncoder+StagedConfidence,KAFKA-19586-Q1,JIRA,Why was a KRaft broker fenced after missing heartbeats during a rolling restart?,metadata/src/main/java/org/apache/kafka/controller/ReplicationControlManager.java,1698,True,5,0.2,True,3,5,20
AST-KG+CrossEncoder+StagedConfidence,KAFKA-19586-Q2,JIRA,What Kafka log indicates a broker got fenced because its session timed out?,metadata/src/main/java/org/apache/kafka/controller/ReplicationControlManager.java,1698,True,1,1.0,True,1,1,40
AST-KG+CrossEncoder+StagedConfidence,KAFKA-19586-Q3,JIRA,Could a heartbeat timeout explain why the broker was fenced at its current epoch?,metadata/src/main/java/org/apache/kafka/controller/ReplicationControlManager.java,1698,True,1,1.0,True,1,1,20
AST-KG+CrossEncoder+StagedConfidence,KAFKA-9877-RM-Q1,JIRA,Why did Kafka stop serving replicas in a log directory after storage errors?,core/src/main/scala/kafka/server/ReplicaManager.scala,2172,True,1,1.0,True,2,1,40
AST-KG+CrossEncoder+StagedConfidence,KAFKA-9877-RM-Q2,JIRA,What log explains a broker taking replicas offline because a log directory failed?,core/src/main/scala/kafka/server/ReplicaManager.scala,2172,True,3,0.3333333333333333,True,6,3,40
AST-KG+CrossEncoder+StagedConfidence,KAFKA-9877-RM-Q3,JIRA,Could log directory failure be why the broker stopped serving replicas from that path?,core/src/main/scala/kafka/server/ReplicaManager.scala,2172,True,2,0.5,True,1,2,40
AST-KG+CrossEncoder+StagedConfidence,KAFKA-9877-AF-Q2,JIRA,What Kafka log indicates the broker removed fetchers for affected partitions?,core/src/main/scala/kafka/server/AbstractFetcherManager.scala,203,True,1,1.0,True,1,1,40
AST-KG+CrossEncoder+StagedConfidence,KAFKA-9877-LM-Q1,JIRA,Why did the broker shut down after every log directory failed?,core/src/main/scala/kafka/log/LogManager.scala,228,True,1,1.0,True,1,1,40
AST-KG+CrossEncoder+StagedConfidence,KAFKA-9877-LM-Q2,JIRA,What Kafka log indicates the broker is exiting because all log dirs are unusable?,core/src/main/scala/kafka/log/LogManager.scala,228,True,1,1.0,True,1,1,40
AST-KG+CrossEncoder+StagedConfidence,KAFKA-9357-Q1,JIRA,Why are replica fetch requests being disconnected before the response is read?,clients/src/main/java/org/apache/kafka/clients/FetchSessionHandler.java,618,True,18,0.05555555555555555,True,20,18,20
AST-KG+CrossEncoder+StagedConfidence,KAFKA-9357-Q2,JIRA,What Kafka log explains repeated 'Error sending fetch request' messages between brokers?,clients/src/main/java/org/apache/kafka/clients/FetchSessionHandler.java,618,True,1,1.0,True,1,1,40
AST-KG+CrossEncoder+StagedConfidence,KAFKA-9357-Q3,JIRA,Could inter-broker communication failure be causing fetch requests to drop before a response is read?,clients/src/main/java/org/apache/kafka/clients/FetchSessionHandler.java,618,True,17,0.058823529411764705,True,6,17,20
AST-KG+CrossEncoder+StagedConfidence,KAFKA-8046-Q1,JIRA,Why did the broker shut down because every Kafka log directory was marked failed?,core/src/main/scala/kafka/log/LogManager.scala,228,True,1,1.0,True,1,1,40
AST-KG+CrossEncoder+StagedConfidence,KAFKA-8046-Q2,JIRA,Which Kafka log explains a broker exiting after all log dirs become unavailable?,core/src/main/scala/kafka/log/LogManager.scala,228,True,1,1.0,True,1,1,40
AST-KG+CrossEncoder+StagedConfidence,KAFKA-13960-Q1,JIRA,Why is Kafka refusing to start because all log directories are already considered failed?,core/src/main/scala/kafka/log/LogManager.scala,228,True,1,1.0,True,1,1,40
AST-KG+CrossEncoder+StagedConfidence,KAFKA-13960-Q2,JIRA,Which Kafka log explains a broker aborting startup because every log dir has failed?,core/src/main/scala/kafka/log/LogManager.scala,228,True,1,1.0,True,1,1,40
AST-KG+CrossEncoder+StagedConfidence,KAFKA-9016-Q3,JIRA,Could a log directory I/O failure explain why Kafka stopped serving replicas from that path?,core/src/main/scala/kafka/server/ReplicaManager.scala,2172,True,1,1.0,True,2,1,40
AST-KG+CrossEncoder+StagedConfidence,KAFKA-13317-Q1,JIRA,Why are brokers repeatedly logging that fetch requests to another broker were disconnected before a response was read?,clients/src/main/java/org/apache/kafka/clients/FetchSessionHandler.java,618,True,19,0.05263157894736842,True,11,19,20
AST-KG+CrossEncoder+StagedConfidence,KAFKA-13317-Q2,JIRA,What Kafka log explains inter-broker fetch traffic failing with 'connection disconnected before the response was read'?,clients/src/main/java/org/apache/kafka/clients/FetchSessionHandler.java,618,True,15,0.06666666666666667,True,4,15,20
AST-KG+CrossEncoder+StagedConfidence,KAFKA-13317-Q3,JIRA,Could broken broker-to-broker connectivity be the cause of repeated fetch request disconnects?,clients/src/main/java/org/apache/kafka/clients/FetchSessionHandler.java,618,True,17,0.058823529411764705,True,9,17,20
AST-KG+CrossEncoder+StagedConfidence,KAFKA-7802-Q2,JIRA,Which Kafka log explains replica fetchers losing the response path to another broker?,clients/src/main/java/org/apache/kafka/clients/FetchSessionHandler.java,618,True,19,0.05263157894736842,True,16,19,20
